id,jahr,alter,kategoriealter,jung-alt,geschlecht,bsz,bszkat,bszkat2,bsz-geschlecht,Mein Smartphone liegt auch beim Schlafen immer in Griffweite,griffweite,griffweite-alter,griffweite-geschlecht,Ich kann auch gut mal einen Tag ohne Smartphone klar kommen,verzicht-kat,verzicht-alter,Ich mache mir Sorgen um meine Daten,sorgenbarometer,sorgenbarometer-geschlecht,sorgenbarometeralter,Ich loesche meine Cookies regelmaessig,cookies,cookies-alter,schutzmassnahmen,schutzmassnahmen-alter,Fuer wie viel Geld mindestens wuerden sie all ihre Geraete eine Woche gar nicht benutzen?,Wieviel wuerden Sie einmalig bezahlen, um Ihre Lieblings Social Media Apps und Messenger noch nutzen zu koennen?,zeitung,zeitung-alter,zeitung-online
1,2021,30,6,alt,Maennlich,2h-3h,3,9,2,Ja,1,3,1,Stimmt,1,3,Stimmt ganz,1,1,3,Stimmt eher,2,3,1,3,20 CHF,Mehr als 20 CHF,1,3,1
2,2021,15,2,jung,Maennlich,4h-5h,5,25,3,Nein,4,2,2,Stimmt eher ,2,1,Stimmt gar nicht,4,2,2,Stimmt gar nicht,4,2,1,1,100 CHF,Mehr als 20 CHF,0,2,4
3,2021,14,2,jung,Maennlich,4h-5h,5,25,3,Ja,1,1,1,Stimmt nicht,4,2,Stimmt eher,2,1,1,Stimmt gar nicht,4,2,2,2,ueber 100 CHF,6-10 CHF,0,2,4
4,2021,15,2,jung,Maennlich,4h-5h,5,25,3,Ja,1,1,1,Stimmt eher ,2,1,Stimmt eher,2,1,1,Stimmt ganz,1,1,1,1,100 CHF,3-5 CHF,1,1,1
5,2021,32,6,alt,Maennlich,1h-2h,2,4,1,Ja,1,3,1,Stimmt eher nicht,3,4,Stimmt ganz,1,1,3,Stimmt ganz,1,3,1,3,ueber 100 CHF,Mehr als 20 CHF,1,3,3
6,2021,16,3,jung,Weiblich,2h-3h,3,9,5,Nein,4,2,4,Stimmt,1,1,Stimmt eher,2,3,1,Stimmt gar nicht,4,2,1,1,20 CHF,Ich wuerde auf die App verzichten,0,2,4
7,2021,16,3,jung,Maennlich,3h-4h,4,16,2,Ja,1,1,1,Stimmt eher ,2,1,Stimmt eher nicht,3,2,2,Stimmt ganz,1,1,1,1,ueber 100 CHF,Mehr als 20 CHF,1,1,1
8,2021,16,3,jung,Maennlich,4h-5h,5,25,3,eher Nein,3,2,2,Stimmt,1,1,Stimmt eher,2,1,1,Stimmt ganz,1,1,1,1,ueber 100 CHF,Ich wuerde auf die App verzichten,1,1,3
9,2021,18,4,alt,Maennlich,2h-3h,3,9,2,eher Nein,3,4,2,Stimmt,1,3,Stimmt eher nicht,3,2,4,Stimmt eher,2,3,1,3,5 CHF,1-2 CHF,1,3,3
10,2021,18,4,alt,Maennlich,Mehr als 5h,6,36,3,Ja,1,3,1,Stimmt,1,3,Stimmt eher nicht,3,2,4,Stimmt gar nicht,4,4,1,3,ueber 100 CHF,Mehr als 20 CHF,1,3,1
11,2021,18,4,alt,Maennlich,3h-4h,4,16,2,eher Ja,2,3,1,Stimmt,1,3,Stimmt eher nicht,3,2,4,Stimmt eher,2,3,1,3,100 CHF,1-2 CHF,1,3,1
12,2021,16,3,jung,Weiblich,4h-5h,5,25,6,eher Ja,2,1,3,Stimmt eher nicht,3,2,Stimmt eher nicht,3,4,2,Stimmt gar nicht,4,2,2,2,ueber 100 CHF,3-5 CHF,1,1,3
13,2021,21,5,alt,Maennlich,3h-4h,4,16,2,eher Ja,2,3,1,Stimmt,1,3,Stimmt eher nicht,3,2,4,Stimmt eher,2,3,1,3,Wuerde ich auch gratis machen,Ich wuerde auf die App verzichten,1,3,3
14,2021,17,3,jung,Maennlich,Mehr als 5h,6,36,3,Ja,1,1,1,Stimmt eher nicht,3,2,Stimmt eher nicht,3,2,2,Stimmt gar nicht,4,2,1,1,100 CHF,11-20 CHF,0,2,4
15,2021,20,5,alt,Weiblich,1h-2h,2,4,4,eher Ja,2,3,3,Stimmt,1,3,Stimmt eher,2,3,3,Stimmt eher,2,3,1,3,Wuerde ich auch gratis machen,6-10 CHF,1,3,3
16,2021,16,3,jung,Weiblich,2h-3h,3,9,5,eher Nein,3,2,4,Stimmt,1,1,Stimmt eher nicht,3,4,2,Stimmt eher nicht,3,2,1,1,Wuerde ich auch gratis machen,3-5 CHF,1,1,1
17,2021,17,3,jung,Maennlich,Mehr als 5h,6,36,3,eher Ja,2,1,1,Stimmt,1,1,Stimmt eher,2,1,1,Stimmt eher,2,1,1,1,Wuerde ich auch gratis machen,3-5 CHF,1,1,1
18,2021,16,3,jung,Maennlich,2h-3h,3,9,2,eher Nein,3,2,2,Stimmt,1,1,Stimmt eher nicht,3,2,2,Stimmt gar nicht,4,2,1,1,10 CHF,Mehr als 20 CHF,0,2,4
19,2021,19,4,alt,Weiblich,4h-5h,5,25,6,eher Ja,2,3,3,Stimmt,1,3,Stimmt eher,2,3,3,Stimmt ganz,1,3,1,3,ueber 100 CHF,3-5 CHF,0,4,4
20,2021,16,3,jung,Weiblich,2h-3h,3,9,5,Ja,1,1,3,Stimmt,1,1,Stimmt eher,2,3,1,Stimmt eher,2,1,1,1,Wuerde ich auch gratis machen,Ich wuerde auf die App verzichten,1,1,1
21,2021,18,4,alt,Weiblich,3h-4h,4,16,5,Nein,4,4,4,Stimmt nicht,4,4,Stimmt eher,2,3,3,Stimmt eher nicht,3,4,2,4,ueber 100 CHF,6-10 CHF,0,4,4
22,2021,20,5,alt,Weiblich,3h-4h,4,16,5,Ja,1,3,3,Stimmt,1,3,Stimmt eher,2,3,3,Stimmt gar nicht,4,4,2,4,Wuerde ich auch gratis machen,1-2 CHF,1,3,1
23,2021,17,3,jung,Weiblich,1h-2h,2,4,4,Nein,4,2,4,Stimmt,1,1,Stimmt eher,2,3,1,Stimmt eher,2,1,1,1,Wuerde ich auch gratis machen,Ich wuerde auf die App verzichten,1,1,3
24,2021,42,6,alt,Maennlich,weniger als 1h,1,1,1,eher Nein,3,4,2,Stimmt eher ,2,3,Stimmt eher,2,1,3,Stimmt eher nicht,3,4,1,3,Wuerde ich auch gratis machen,3-5 CHF,1,3,1
25,2021,18,4,alt,Maennlich,2h-3h,3,9,2,Ja,1,3,1,Stimmt nicht,4,4,Stimmt gar nicht,4,2,4,Stimmt gar nicht,4,4,1,3,ueber 100 CHF,Mehr als 20 CHF,0,4,4
26,2021,16,3,jung,Maennlich,2h-3h,3,9,2,Nein,4,2,2,Stimmt,1,1,Stimmt eher nicht,3,2,2,Stimmt eher nicht,3,2,1,1,ueber 100 CHF,1-2 CHF,1,1,1
27,2021,17,3,jung,Weiblich,2h-3h,3,9,5,Ja,1,1,3,Stimmt,1,1,Stimmt eher,2,3,1,Stimmt eher nicht,3,2,1,1,Wuerde ich auch gratis machen,Ich wuerde auf die App verzichten,1,1,3
28,2021,18,4,alt,Maennlich,2h-3h,3,9,2,eher Ja,2,3,1,Stimmt eher ,2,3,Stimmt eher nicht,3,2,4,Stimmt eher,2,3,1,3,Wuerde ich auch gratis machen,1-2 CHF,1,3,3
29,2021,16,3,jung,Maennlich,Mehr als 5h,6,36,3,eher Ja,2,1,1,Stimmt eher ,2,1,Stimmt eher nicht,3,2,2,Stimmt gar nicht,4,2,1,1,ueber 100 CHF,Mehr als 20 CHF,1,1,3
30,2021,16,3,jung,Weiblich,3h-4h,4,16,5,Ja,1,1,3,Stimmt eher nicht,3,2,Stimmt eher nicht,3,4,2,Stimmt gar nicht,4,2,2,2,ueber 100 CHF,6-10 CHF,0,2,4
31,2021,17,3,jung,Weiblich,Mehr als 5h,6,36,6,Ja,1,1,3,Stimmt eher ,2,1,Stimmt eher nicht,3,4,2,Stimmt gar nicht,4,2,2,2,100 CHF,1-2 CHF,1,1,1
32,2021,17,3,jung,Weiblich,1h-2h,2,4,4,eher Nein,3,2,4,Stimmt,1,1,Stimmt eher,2,3,1,Stimmt gar nicht,4,2,1,1,20 CHF,1-2 CHF,1,1,3
33,2021,16,3,jung,Weiblich,3h-4h,4,16,5,Ja,1,1,3,Stimmt eher nicht,3,2,Stimmt eher,2,3,1,Stimmt gar nicht,4,2,2,2,ueber 100 CHF,Mehr als 20 CHF,0,2,4
34,2021,17,3,jung,Maennlich,2h-3h,3,9,2,eher Ja,2,1,1,Stimmt eher nicht,3,2,Stimmt eher nicht,3,2,2,Stimmt gar nicht,4,2,1,1,ueber 100 CHF,Mehr als 20 CHF,1,1,1
35,2021,16,3,jung,Maennlich,4h-5h,5,25,3,Ja,1,1,1,Stimmt eher ,2,1,Stimmt eher nicht,3,2,2,Stimmt eher nicht,3,2,1,1,100 CHF,1-2 CHF,0,2,4
36,2021,16,3,jung,Maennlich,3h-4h,4,16,2,Ja,1,1,1,Stimmt,1,1,Stimmt gar nicht,4,2,2,Stimmt gar nicht,4,2,2,2,ueber 100 CHF,Mehr als 20 CHF,0,2,4
37,2021,15,2,jung,Maennlich,1h-2h,2,4,1,eher Ja,2,1,1,Stimmt eher ,2,1,Stimmt eher nicht,3,2,2,Stimmt gar nicht,4,2,1,1,50 CHF,6-10 CHF,1,1,2
38,2021,16,3,jung,Weiblich,2h-3h,3,9,5,Nein,4,2,4,Stimmt eher nicht,3,2,Stimmt eher nicht,3,4,2,Stimmt eher nicht,3,2,2,2,ueber 100 CHF,3-5 CHF,0,2,4
39,2021,17,3,jung,Maennlich,3h-4h,4,16,2,eher Ja,2,1,1,Stimmt,1,1,Stimmt ganz,1,1,1,Stimmt eher nicht,3,2,1,1,Wuerde ich auch gratis machen,Ich wuerde auf die App verzichten,0,2,4
40,2021,19,4,alt,Maennlich,3h-4h,4,16,2,Ja,1,3,1,Stimmt eher nicht,3,4,Stimmt gar nicht,4,2,4,Stimmt ganz,1,3,1,3,ueber 100 CHF,Mehr als 20 CHF,1,3,1
41,2021,16,3,jung,Weiblich,3h-4h,4,16,5,Nein,4,2,4,Stimmt nicht,4,2,Stimmt eher nicht,3,4,2,Stimmt eher nicht,3,2,1,1,ueber 100 CHF,6-10 CHF,0,2,4
42,2021,16,3,jung,Maennlich,2h-3h,3,9,2,eher Ja,2,1,1,Stimmt eher ,2,1,Stimmt eher,2,1,1,Stimmt eher nicht,3,2,1,1,ueber 100 CHF,Mehr als 20 CHF,0,2,4
43,2021,16,3,jung,Weiblich,Mehr als 5h,6,36,6,Ja,1,1,3,Stimmt nicht,4,2,Stimmt eher nicht,3,4,2,Stimmt gar nicht,4,2,1,1,ueber 100 CHF,Mehr als 20 CHF,0,2,4
44,2021,17,3,jung,Weiblich,Mehr als 5h,6,36,6,eher Ja,2,1,3,Stimmt,1,1,Stimmt eher,2,3,1,Stimmt gar nicht,4,2,1,1,Wuerde ich auch gratis machen,Mehr als 20 CHF,0,2,4
45,2021,17,3,jung,Maennlich,4h-5h,5,25,3,Ja,1,1,1,Stimmt eher ,2,1,Stimmt eher nicht,3,2,2,Stimmt gar nicht,4,2,1,1,ueber 100 CHF,Mehr als 20 CHF,0,2,4
46,2021,15,2,jung,Maennlich,4h-5h,5,25,3,eher Ja,2,1,1,Stimmt,1,1,Stimmt eher,2,1,1,Stimmt gar nicht,4,2,1,1,Wuerde ich auch gratis machen,1-2 CHF,1,1,3
47,2021,16,3,jung,Weiblich,Mehr als 5h,6,36,6,eher Nein,3,2,4,Stimmt eher ,2,1,Stimmt ganz,1,3,1,Stimmt ganz,1,1,1,1,Wuerde ich auch gratis machen,1-2 CHF,0,2,4
48,2021,16,3,jung,Non-Binaer,Mehr als 5h,6,36,7,Ja,1,1,5,Stimmt nicht,4,2,Stimmt eher nicht,3,5,2,Stimmt gar nicht,4,2,2,2,ueber 100 CHF,Mehr als 20 CHF,0,2,4
49,2021,22,5,alt,Maennlich,2h-3h,3,9,2,eher Nein,3,4,2,Stimmt eher ,2,3,Stimmt eher,2,1,3,Stimmt eher,2,3,1,3,50 CHF,Ich wuerde auf die App verzichten,0,4,4
50,2021,14,2,jung,Weiblich,Mehr als 5h,6,36,6,eher Ja,2,1,3,Stimmt eher ,2,1,Stimmt gar nicht,4,4,2,Stimmt gar nicht,4,2,1,1,20 CHF,11-20 CHF,0,2,4
51,2021,16,3,jung,Weiblich,2h-3h,3,9,5,Ja,1,1,3,Stimmt eher nicht,3,2,Stimmt eher,2,3,1,Stimmt eher,2,1,1,1,100 CHF,3-5 CHF,1,1,1
52,2021,17,3,jung,Maennlich,1h-2h,2,4,1,Ja,1,1,1,Stimmt,1,1,Stimmt eher nicht,3,2,2,Stimmt eher nicht,3,2,1,1,100 CHF,11-20 CHF,0,2,4
53,2021,18,4,alt,Maennlich,Mehr als 5h,6,36,3,Ja,1,3,1,Stimmt eher nicht,3,4,Stimmt gar nicht,4,2,4,Stimmt eher nicht,3,4,1,3,ueber 100 CHF,Ich wuerde auf die App verzichten,1,3,1
54,2021,17,3,jung,Maennlich,2h-3h,3,9,2,Ja,1,1,1,Stimmt eher ,2,1,Stimmt eher nicht,3,2,2,Stimmt eher,2,1,1,1,20 CHF,Ich wuerde auf die App verzichten,1,1,2
55,2021,51,6,alt,Weiblich,3h-4h,4,16,5,eher Ja,2,3,3,Stimmt eher ,2,3,Stimmt ganz,1,3,3,Stimmt eher,2,3,1,3,Wuerde ich auch gratis machen,Ich wuerde auf die App verzichten,1,3,1
56,2021,55,6,alt,Maennlich,weniger als 1h,1,1,1,eher Nein,3,4,2,Stimmt eher nicht,3,4,Stimmt eher,2,1,3,Stimmt ganz,1,3,1,3,ueber 100 CHF,Ich wuerde auf die App verzichten,1,3,1
57,2021,16,3,jung,Maennlich,1h-2h,2,4,1,eher Ja,2,1,1,Stimmt,1,1,Stimmt eher,2,1,1,Stimmt eher nicht,3,2,1,1,50 CHF,1-2 CHF,1,1,1
58,2021,15,2,jung,Maennlich,3h-4h,4,16,2,eher Nein,3,2,2,Stimmt eher ,2,1,Stimmt gar nicht,4,2,2,Stimmt gar nicht,4,2,1,1,100 CHF,Mehr als 20 CHF,0,2,4
59,2021,16,3,jung,Maennlich,3h-4h,4,16,2,eher Ja,2,1,1,Stimmt,1,1,Stimmt eher nicht,3,2,2,Stimmt ganz,1,1,1,1,20 CHF,3-5 CHF,1,1,1
60,2021,16,3,jung,Weiblich,1h-2h,2,4,4,Nein,4,2,4,Stimmt eher ,2,1,Stimmt eher,2,3,1,Stimmt eher nicht,3,2,1,1,Wuerde ich auch gratis machen,Ich wuerde auf die App verzichten,1,1,1
61,2021,15,2,jung,Weiblich,1h-2h,2,4,4,eher Ja,2,1,3,Stimmt,1,1,Stimmt eher,2,3,1,Stimmt eher,2,1,2,2,10 CHF,Ich wuerde auf die App verzichten,0,2,4
62,2021,17,3,jung,Maennlich,3h-4h,4,16,2,eher Ja,2,1,1,Stimmt eher ,2,1,Stimmt eher,2,1,1,Stimmt eher,2,1,1,1,20 CHF,11-20 CHF,1,1,3
63,2021,15,2,jung,Maennlich,2h-3h,3,9,2,eher Ja,2,1,1,Stimmt,1,1,Stimmt ganz,1,1,1,Stimmt ganz,1,1,1,1,Wuerde ich auch gratis machen,Ich wuerde auf die App verzichten,0,2,4
64,2021,14,2,jung,Maennlich,3h-4h,4,16,2,eher Ja,2,1,1,Stimmt eher ,2,1,Stimmt gar nicht,4,2,2,Stimmt gar nicht,4,2,1,1,50 CHF,3-5 CHF,1,1,1
65,2021,47,6,alt,Maennlich,1h-2h,2,4,1,Nein,4,4,2,Stimmt eher nicht,3,4,Stimmt eher,2,1,3,Stimmt eher,2,3,2,4,Wuerde ich auch gratis machen,Ich wuerde auf die App verzichten,1,3,1
66,2021,15,2,jung,Maennlich,Mehr als 5h,6,36,3,eher Ja,2,1,1,Stimmt eher ,2,1,Stimmt eher nicht,3,2,2,Stimmt gar nicht,4,2,2,2,50 CHF,1-2 CHF,1,1,2
67,2021,14,2,jung,Weiblich,1h-2h,2,4,4,Nein,4,2,4,Stimmt,1,1,Stimmt eher nicht,3,4,2,Stimmt gar nicht,4,2,2,2,50 CHF,1-2 CHF,1,1,2
68,2021,39,6,alt,Maennlich,1h-2h,2,4,1,eher Ja,2,3,1,Stimmt eher nicht,3,4,Stimmt eher,2,1,3,Stimmt gar nicht,4,4,2,4,Wuerde ich auch gratis machen,Mehr als 20 CHF,0,4,4
69,2021,15,2,jung,Weiblich,4h-5h,5,25,6,Ja,1,1,3,Stimmt,1,1,Stimmt eher nicht,3,4,2,Stimmt gar nicht,4,2,2,2,100 CHF,Mehr als 20 CHF,0,2,4
70,2021,49,6,alt,Maennlich,2h-3h,3,9,2,eher Nein,3,4,2,Stimmt,1,3,Stimmt eher,2,1,3,Stimmt ganz,1,3,1,3,100 CHF,Ich wuerde auf die App verzichten,1,3,1
71,2021,18,4,alt,Maennlich,3h-4h,4,16,2,eher Ja,2,3,1,Stimmt eher ,2,3,Stimmt eher,2,1,3,Stimmt eher,2,3,1,3,20 CHF,Ich wuerde auf die App verzichten,1,3,1
72,2021,15,2,jung,Weiblich,2h-3h,3,9,5,eher Ja,2,1,3,Stimmt,1,1,Stimmt eher,2,3,1,Stimmt eher nicht,3,2,2,2,Wuerde ich auch gratis machen,3-5 CHF,1,1,1
73,2021,27,5,alt,Weiblich,weniger als 1h,1,1,4,eher Ja,2,3,3,Stimmt,1,3,Stimmt eher,2,3,3,Stimmt eher nicht,3,4,1,3,Wuerde ich auch gratis machen,Ich wuerde auf die App verzichten,0,4,4
74,2021,29,5,alt,Weiblich,1h-2h,2,4,4,Ja,1,3,3,Stimmt eher nicht,3,4,Stimmt eher,2,3,3,Stimmt gar nicht,4,4,2,4,ueber 100 CHF,11-20 CHF,1,3,1
75,2021,15,2,jung,Weiblich,1h-2h,2,4,4,eher Ja,2,1,3,Stimmt eher ,2,1,Stimmt ganz,1,3,1,Stimmt eher nicht,3,2,1,1,Wuerde ich auch gratis machen,Mehr als 20 CHF,1,1,1
76,2021,46,6,alt,Maennlich,1h-2h,2,4,1,eher Ja,2,3,1,Stimmt,1,3,Stimmt eher,2,1,3,Stimmt eher,2,3,2,4,Wuerde ich auch gratis machen,3-5 CHF,1,3,3
77,2021,16,3,jung,Maennlich,3h-4h,4,16,2,Nein,4,2,2,Stimmt eher ,2,1,Stimmt eher nicht,3,2,2,Stimmt eher nicht,3,2,1,1,50 CHF,3-5 CHF,1,1,1
78,2021,19,4,alt,Maennlich,2h-3h,3,9,2,eher Nein,3,4,2,Stimmt eher ,2,3,Stimmt ganz,1,1,3,Stimmt eher,2,3,1,3,50 CHF,Ich wuerde auf die App verzichten,1,3,3
79,2021,50,6,alt,Weiblich,2h-3h,3,9,5,Ja,1,3,3,Stimmt nicht,4,4,Stimmt eher nicht,3,4,4,Stimmt eher,2,3,1,3,ueber 100 CHF,Ich wuerde auf die App verzichten,1,3,3
80,2021,50,6,alt,Weiblich,weniger als 1h,1,1,4,Ja,1,3,3,Stimmt eher nicht,3,4,Stimmt ganz,1,3,3,Stimmt eher nicht,3,4,1,3,ueber 100 CHF,Ich wuerde auf die App verzichten,1,3,1
81,2021,52,6,alt,Weiblich,1h-2h,2,4,4,eher Ja,2,3,3,Stimmt eher nicht,3,4,Stimmt ganz,1,3,3,Stimmt ganz,1,3,1,3,Wuerde ich auch gratis machen,Ich wuerde auf die App verzichten,1,3,1
82,2021,53,6,alt,Weiblich,1h-2h,2,4,4,Ja,1,3,3,Stimmt,1,3,Stimmt eher nicht,3,4,4,Stimmt eher nicht,3,4,2,4,50 CHF,3-5 CHF,1,3,3
83,2021,50,6,alt,Maennlich,1h-2h,2,4,1,Ja,1,3,1,Stimmt nicht,4,4,Stimmt eher,2,1,3,Stimmt gar nicht,4,4,1,3,ueber 100 CHF,Mehr als 20 CHF,1,3,3
84,2021,38,6,alt,Weiblich,3h-4h,4,16,5,eher Ja,2,3,3,Stimmt eher ,2,3,Stimmt eher,2,3,3,Stimmt eher,2,3,2,4,ueber 100 CHF,6-10 CHF,1,3,1
85,2021,15,2,jung,Weiblich,4h-5h,5,25,6,Nein,4,2,4,Stimmt,1,1,Stimmt eher,2,3,1,Stimmt eher,2,1,1,1,50 CHF,1-2 CHF,1,1,1
86,2021,41,6,alt,Maennlich,2h-3h,3,9,2,eher Ja,2,3,1,Stimmt,1,3,Stimmt eher,2,1,3,Stimmt ganz,1,3,1,3,ueber 100 CHF,Mehr als 20 CHF,1,3,1
87,2021,25,5,alt,Weiblich,weniger als 1h,1,1,4,eher Ja,2,3,3,Stimmt,1,3,Stimmt eher,2,3,3,Stimmt eher nicht,3,4,1,3,Wuerde ich auch gratis machen,Ich wuerde auf die App verzichten,0,4,4
88,2021,42,6,alt,Weiblich,1h-2h,2,4,4,eher Nein,3,4,4,Stimmt eher ,2,3,Stimmt eher,2,3,3,Stimmt gar nicht,4,4,2,4,100 CHF,Ich wuerde auf die App verzichten,0,4,4
89,2021,43,6,alt,Weiblich,1h-2h,2,4,4,Ja,1,3,3,Stimmt,1,3,Stimmt ganz,1,3,3,Stimmt ganz,1,3,1,3,Wuerde ich auch gratis machen,Ich wuerde auf die App verzichten,1,3,1
90,2021,46,6,alt,Maennlich,weniger als 1h,1,1,1,Ja,1,3,1,Stimmt eher ,2,3,Stimmt eher,2,1,3,Stimmt eher,2,3,1,3,Wuerde ich auch gratis machen,3-5 CHF,1,3,2
91,2021,47,6,alt,Weiblich,1h-2h,2,4,4,Nein,4,4,4,Stimmt eher nicht,3,4,Stimmt ganz,1,3,3,Stimmt eher nicht,3,4,1,3,50 CHF,1-2 CHF,0,4,4
92,2021,52,6,alt,Weiblich,weniger als 1h,1,1,4,Ja,1,3,3,Stimmt,1,3,Stimmt eher,2,3,3,Stimmt gar nicht,4,4,2,4,Wuerde ich auch gratis machen,Ich wuerde auf die App verzichten,1,3,3
93,2021,17,3,jung,Maennlich,Mehr als 5h,6,36,3,eher Ja,2,1,1,Stimmt,1,1,Stimmt ganz,1,1,1,Stimmt eher nicht,3,2,1,1,Wuerde ich auch gratis machen,3-5 CHF,0,2,4
94,2021,29,5,alt,Weiblich,1h-2h,2,4,4,Nein,4,4,4,Stimmt eher nicht,3,4,Stimmt eher nicht,3,4,4,Stimmt eher nicht,3,4,1,3,100 CHF,Mehr als 20 CHF,1,3,1
95,2021,56,6,alt,Maennlich,weniger als 1h,1,1,1,Nein,4,4,2,Stimmt eher ,2,3,Stimmt eher,2,1,3,Stimmt eher nicht,3,4,2,4,Wuerde ich auch gratis machen,Ich wuerde auf die App verzichten,1,3,1
96,2021,26,5,alt,Weiblich,2h-3h,3,9,5,Ja,1,3,3,Stimmt eher ,2,3,Stimmt eher,2,3,3,Stimmt eher nicht,3,4,1,3,100 CHF,3-5 CHF,1,3,1
97,2021,16,3,jung,Maennlich,4h-5h,5,25,3,Ja,1,1,1,Stimmt,1,1,Stimmt eher nicht,3,2,2,Stimmt gar nicht,4,2,2,2,Wuerde ich auch gratis machen,11-20 CHF,0,2,4
98,2021,15,2,jung,Weiblich,1h-2h,2,4,4,Ja,1,1,3,Stimmt eher nicht,3,2,Stimmt gar nicht,4,4,2,Stimmt gar nicht,4,2,2,2,100 CHF,Mehr als 20 CHF,1,1,1
99,2021,16,3,jung,Weiblich,2h-3h,3,9,5,eher Ja,2,1,3,Stimmt,1,1,Stimmt ganz,1,3,1,Stimmt ganz,1,1,1,1,50 CHF,Ich wuerde auf die App verzichten,1,1,1
100,2021,15,2,jung,Maennlich,1h-2h,2,4,1,Ja,1,1,1,Stimmt,1,1,Stimmt eher nicht,3,2,2,Stimmt eher nicht,3,2,1,1,Wuerde ich auch gratis machen,6-10 CHF,0,2,4
101,2021,16,3,jung,Maennlich,4h-5h,5,25,3,Ja,1,1,1,Stimmt eher ,2,1,Stimmt eher nicht,3,2,2,Stimmt gar nicht,4,2,1,1,ueber 100 CHF,3-5 CHF,1,1,1
102,2021,15,2,jung,Maennlich,3h-4h,4,16,2,eher Ja,2,1,1,Stimmt,1,1,Stimmt eher,2,1,1,Stimmt gar nicht,4,2,2,2,Wuerde ich auch gratis machen,1-2 CHF,1,1,1
103,2021,16,3,jung,Weiblich,Mehr als 5h,6,36,6,Ja,1,1,3,Stimmt,1,1,Stimmt eher nicht,3,4,2,Stimmt gar nicht,4,2,2,2,Wuerde ich auch gratis machen,Ich wuerde auf die App verzichten,0,2,4
104,2021,16,3,jung,Maennlich,3h-4h,4,16,2,eher Nein,3,2,2,Stimmt eher nicht,3,2,Stimmt gar nicht,4,2,2,Stimmt gar nicht,4,2,1,1,50 CHF,Ich wuerde auf die App verzichten,0,2,4
105,2021,15,2,jung,Maennlich,2h-3h,3,9,2,Nein,4,2,2,Stimmt,1,1,Stimmt eher nicht,3,2,2,Stimmt ganz,1,1,2,2,ueber 100 CHF,11-20 CHF,1,1,3
106,2021,16,3,jung,Weiblich,Mehr als 5h,6,36,6,eher Nein,3,2,4,Stimmt,1,1,Stimmt eher,2,3,1,Stimmt eher,2,1,1,1,50 CHF,11-20 CHF,1,1,2
107,2021,16,3,jung,Weiblich,4h-5h,5,25,6,Nein,4,2,4,Stimmt eher nicht,3,2,Stimmt ganz,1,3,1,Stimmt gar nicht,4,2,1,1,ueber 100 CHF,Ich wuerde auf die App verzichten,1,1,2
108,2021,16,3,jung,Maennlich,2h-3h,3,9,2,Ja,1,1,1,Stimmt eher nicht,3,2,Stimmt eher nicht,3,2,2,Stimmt eher nicht,3,2,1,1,100 CHF,11-20 CHF,0,2,4
109,2021,16,3,jung,Maennlich,1h-2h,2,4,1,Ja,1,1,1,Stimmt eher nicht,3,2,Stimmt eher nicht,3,2,2,Stimmt eher,2,1,2,2,Wuerde ich auch gratis machen,Ich wuerde auf die App verzichten,1,1,2
110,2021,15,2,jung,Weiblich,2h-3h,3,9,5,eher Nein,3,2,4,Stimmt eher ,2,1,Stimmt eher nicht,3,4,2,Stimmt gar nicht,4,2,2,2,ueber 100 CHF,11-20 CHF,0,2,4
111,2021,16,3,jung,Weiblich,3h-4h,4,16,5,Ja,1,1,3,Stimmt,1,1,Stimmt eher nicht,3,4,2,Stimmt gar nicht,4,2,2,2,100 CHF,3-5 CHF,0,2,4
112,2021,16,3,jung,Weiblich,2h-3h,3,9,5,eher Ja,2,1,3,Stimmt eher nicht,3,2,Stimmt eher nicht,3,4,2,Stimmt eher nicht,3,2,1,1,Wuerde ich auch gratis machen,1-2 CHF,1,1,1
113,2021,15,2,jung,Maennlich,Mehr als 5h,6,36,3,Ja,1,1,1,Stimmt eher nicht,3,2,Stimmt eher nicht,3,2,2,Stimmt eher nicht,3,2,1,1,ueber 100 CHF,Ich wuerde auf die App verzichten,1,1,2
114,2021,15,2,jung,Maennlich,Mehr als 5h,6,36,3,Ja,1,1,1,Stimmt,1,1,Stimmt eher nicht,3,2,2,Stimmt gar nicht,4,2,1,1,20 CHF,Ich wuerde auf die App verzichten,1,1,3
115,2021,16,3,jung,Maennlich,2h-3h,3,9,2,Ja,1,1,1,Stimmt,1,1,Stimmt eher nicht,3,2,2,Stimmt gar nicht,4,2,2,2,50 CHF,11-20 CHF,1,1,2
116,2021,16,3,jung,Weiblich,2h-3h,3,9,5,eher Ja,2,1,3,Stimmt,1,1,Stimmt eher nicht,3,4,2,Stimmt eher nicht,3,2,2,2,ueber 100 CHF,3-5 CHF,1,1,1
117,2021,15,2,jung,Weiblich,3h-4h,4,16,5,eher Ja,2,1,3,Stimmt eher ,2,1,Stimmt eher nicht,3,4,2,Stimmt eher nicht,3,2,1,1,100 CHF,6-10 CHF,1,1,3
118,2021,15,2,jung,Maennlich,3h-4h,4,16,2,eher Ja,2,1,1,Stimmt eher nicht,3,2,Stimmt eher,2,1,1,Stimmt eher nicht,3,2,1,1,ueber 100 CHF,3-5 CHF,0,2,4
119,2021,16,3,jung,Maennlich,2h-3h,3,9,2,eher Ja,2,1,1,Stimmt eher ,2,1,Stimmt eher,2,1,1,Stimmt gar nicht,4,2,1,1,50 CHF,Ich wuerde auf die App verzichten,0,2,4
120,2021,15,2,jung,Weiblich,3h-4h,4,16,5,Nein,4,2,4,Stimmt,1,1,Stimmt eher,2,3,1,Stimmt gar nicht,4,2,2,2,Wuerde ich auch gratis machen,Ich wuerde auf die App verzichten,1,1,1
121,2021,14,2,jung,Weiblich,1h-2h,2,4,4,eher Nein,3,2,4,Stimmt,1,1,Stimmt eher nicht,3,4,2,Stimmt eher nicht,3,2,2,2,100 CHF,3-5 CHF,0,2,4
122,2021,15,2,jung,Weiblich,Mehr als 5h,6,36,6,eher Ja,2,1,3,Stimmt,1,1,Stimmt gar nicht,4,4,2,Stimmt gar nicht,4,2,2,2,ueber 100 CHF,11-20 CHF,0,2,4
123,2021,17,3,jung,Maennlich,3h-4h,4,16,2,Nein,4,2,2,Stimmt,1,1,Stimmt eher nicht,3,2,2,Stimmt ganz,1,1,1,1,Wuerde ich auch gratis machen,Ich wuerde auf die App verzichten,1,1,1
124,2021,16,3,jung,Weiblich,3h-4h,4,16,5,Ja,1,1,3,Stimmt eher ,2,1,Stimmt eher nicht,3,4,2,Stimmt eher nicht,3,2,2,2,ueber 100 CHF,Ich wuerde auf die App verzichten,0,2,4
125,2021,14,2,jung,Weiblich,3h-4h,4,16,5,Nein,4,2,4,Stimmt eher ,2,1,Stimmt eher,2,3,1,Stimmt eher nicht,3,2,2,2,ueber 100 CHF,Ich wuerde auf die App verzichten,0,2,4
126,2022,15,2,jung,Weiblich,2h-3h,3,9,5,Ja,1,1,3,Stimmt eher nicht,3,2,Stimmt eher nicht,3,4,2,Stimmt eher nicht,3,2,2,2,ueber 100 CHF,Ich wuerde auf die App verzichten,1,1,1
127,2022,16,3,jung,Maennlich,2h-3h,3,9,2,eher Nein,3,2,2,Stimmt eher ,2,1,Stimmt eher nicht,3,2,2,Stimmt eher,2,1,1,1,Wuerde ich auch gratis machen,Ich wuerde auf die App verzichten,1,1,1
128,2022,16,3,jung,Weiblich,4h-5h,5,25,6,Ja,1,1,3,Stimmt,1,1,Stimmt eher nicht,3,4,2,Stimmt gar nicht,4,2,1,1,Wuerde ich auch gratis machen,Ich wuerde auf die App verzichten,1,1,2
129,2022,16,3,jung,Maennlich,3h-4h,4,16,2,Nein,4,2,2,Stimmt eher nicht,3,2,Stimmt eher,2,1,1,Stimmt eher nicht,3,2,1,1,ueber 100 CHF,6-10 CHF,1,1,3
130,2022,17,3,jung,Moechte nicht antworten,3h-4h,4,16,7,Ja,1,1,5,Stimmt eher ,2,1,Stimmt eher,2,5,1,Stimmt eher nicht,3,2,1,1,ueber 100 CHF,3-5 CHF,1,1,1
131,2022,16,3,jung,Maennlich,2h-3h,3,9,2,eher Ja,2,1,1,Stimmt,1,1,Stimmt eher nicht,3,2,2,Stimmt gar nicht,4,2,1,1,100 CHF,Ich wuerde auf die App verzichten,0,2,4
132,2022,16,3,jung,Maennlich,4h-5h,5,25,3,Ja,1,1,1,Stimmt,1,1,Stimmt eher,2,1,1,Stimmt eher nicht,3,2,1,1,5 CHF,Ich wuerde auf die App verzichten,1,1,1
133,2022,17,3,jung,Weiblich,1h-2h,2,4,4,Ja,1,1,3,Stimmt,1,1,Stimmt eher nicht,3,4,2,Stimmt gar nicht,4,2,2,2,ueber 100 CHF,Ich wuerde auf die App verzichten,0,2,4
134,2022,15,2,jung,Weiblich,2h-3h,3,9,5,Ja,1,1,3,Stimmt eher nicht,3,2,Stimmt eher,2,3,1,Stimmt gar nicht,4,2,2,2,ueber 100 CHF,Mehr als 20 CHF,0,2,4
135,2022,15,2,jung,Weiblich,2h-3h,3,9,5,eher Ja,2,1,3,Stimmt eher nicht,3,2,Stimmt eher nicht,3,4,2,Stimmt gar nicht,4,2,1,1,ueber 100 CHF,1-2 CHF,1,1,1
136,2022,17,3,jung,Maennlich,2h-3h,3,9,2,Ja,1,1,1,Stimmt eher nicht,3,2,Stimmt ganz,1,1,1,Stimmt eher nicht,3,2,1,1,100 CHF,Ich wuerde auf die App verzichten,1,1,1
137,2022,19,4,alt,Non-Binaer,4h-5h,5,25,7,eher Ja,2,3,5,Stimmt nicht,4,4,Stimmt eher nicht,3,5,4,Stimmt gar nicht,4,4,1,3,ueber 100 CHF,6-10 CHF,0,4,4
138,2022,16,3,jung,Non-Binaer,3h-4h,4,16,7,eher Ja,2,1,5,Stimmt eher ,2,1,Stimmt eher nicht,3,5,2,Stimmt eher,2,1,1,1,Wuerde ich auch gratis machen,Ich wuerde auf die App verzichten,1,1,1
139,2022,15,2,jung,Weiblich,4h-5h,5,25,6,Ja,1,1,3,Stimmt eher nicht,3,2,Stimmt eher nicht,3,4,2,Stimmt eher nicht,3,2,2,2,ueber 100 CHF,Mehr als 20 CHF,0,2,4
140,2022,14,2,jung,Non-Binaer,Mehr als 5h,6,36,7,Ja,1,1,5,Stimmt nicht,4,2,Stimmt eher nicht,3,5,2,Stimmt gar nicht,4,2,2,2,ueber 100 CHF,Mehr als 20 CHF,0,2,4
141,2022,14,2,jung,Weiblich,3h-4h,4,16,5,eher Ja,2,1,3,Stimmt eher nicht,3,2,Stimmt eher,2,3,1,Stimmt ganz,1,1,2,2,ueber 100 CHF,Mehr als 20 CHF,1,1,2
142,2022,15,2,jung,Weiblich,3h-4h,4,16,5,Ja,1,1,3,Stimmt,1,1,Stimmt eher,2,3,1,Stimmt eher,2,1,1,1,50 CHF,1-2 CHF,0,2,4
143,2022,14,2,jung,Weiblich,3h-4h,4,16,5,Ja,1,1,3,Stimmt eher ,2,1,Stimmt eher,2,3,1,Stimmt gar nicht,4,2,2,2,ueber 100 CHF,3-5 CHF,1,1,1
144,2022,15,2,jung,Weiblich,3h-4h,4,16,5,eher Nein,3,2,4,Stimmt eher nicht,3,2,Stimmt eher,2,3,1,Stimmt gar nicht,4,2,1,1,ueber 100 CHF,1-2 CHF,0,2,4
145,2022,56,6,alt,Maennlich,Mehr als 5h,6,36,3,eher Ja,2,3,1,Stimmt,1,3,Stimmt eher,2,1,3,Stimmt ganz,1,3,1,3,50 CHF,Ich wuerde auf die App verzichten,0,4,1
146,2022,15,2,jung,Maennlich,2h-3h,3,9,2,eher Ja,2,1,1,Stimmt,1,1,Stimmt gar nicht,4,2,2,Stimmt eher,2,1,1,1,ueber 100 CHF,1-2 CHF,1,1,3
147,2022,15,2,jung,Maennlich,Mehr als 5h,6,36,3,Nein,4,2,2,Stimmt eher ,2,1,Stimmt eher,2,1,1,Stimmt gar nicht,4,2,1,1,ueber 100 CHF,1-2 CHF,0,2,4
148,2022,15,2,jung,Maennlich,3h-4h,4,16,2,eher Nein,3,2,2,Stimmt eher ,2,1,Stimmt eher nicht,3,2,2,Stimmt eher nicht,3,2,1,1,20 CHF,3-5 CHF,0,2,4
149,2022,15,2,jung,Maennlich,1h-2h,2,4,1,eher Nein,3,2,2,Stimmt,1,1,Stimmt eher nicht,3,2,2,Stimmt gar nicht,4,2,2,2,100 CHF,Mehr als 20 CHF,0,2,4
150,2022,15,2,jung,Moechte nicht antworten,1h-2h,2,4,7,Ja,1,1,5,Stimmt,1,1,Stimmt eher,2,5,1,Stimmt eher nicht,3,2,1,1,100 CHF,11-20 CHF,0,2,4
151,2022,15,2,jung,Weiblich,1h-2h,2,4,4,Nein,4,2,4,Stimmt,1,1,Stimmt eher,2,3,1,Stimmt gar nicht,4,2,2,2,Wuerde ich auch gratis machen,1-2 CHF,1,1,1
152,2022,15,2,jung,Weiblich,2h-3h,3,9,5,Nein,4,2,4,Stimmt,1,1,Stimmt eher,2,3,1,Stimmt gar nicht,4,2,2,2,5 CHF,6-10 CHF,0,2,4
153,2022,14,2,jung,Maennlich,Mehr als 5h,6,36,3,Ja,1,1,1,Stimmt,1,1,Stimmt gar nicht,4,2,2,Stimmt gar nicht,4,2,1,1,ueber 100 CHF,Ich wuerde auf die App verzichten,0,2,4
154,2022,15,2,jung,Weiblich,2h-3h,3,9,5,eher Nein,3,2,4,Stimmt,1,1,Stimmt eher,2,3,1,Stimmt gar nicht,4,2,2,2,Wuerde ich auch gratis machen,Ich wuerde auf die App verzichten,0,2,4
155,2022,15,2,jung,Weiblich,3h-4h,4,16,5,eher Ja,2,1,3,Stimmt,1,1,Stimmt eher,2,3,1,Stimmt eher,2,1,2,2,10 CHF,3-5 CHF,1,1,1
156,2022,15,2,jung,Maennlich,1h-2h,2,4,1,Nein,4,2,2,Stimmt eher nicht,3,2,Stimmt eher nicht,3,2,2,Stimmt gar nicht,4,2,1,1,100 CHF,6-10 CHF,0,2,4
157,2022,15,2,jung,Weiblich,4h-5h,5,25,6,Ja,1,1,3,Stimmt,1,1,Stimmt eher,2,3,1,Stimmt eher,2,1,1,1,100 CHF,6-10 CHF,1,1,1
158,2022,15,2,jung,Maennlich,1h-2h,2,4,1,Ja,1,1,1,Stimmt eher ,2,1,Stimmt eher,2,1,1,Stimmt ganz,1,1,1,1,ueber 100 CHF,Mehr als 20 CHF,1,1,1
159,2022,16,3,jung,Weiblich,3h-4h,4,16,5,Ja,1,1,3,Stimmt eher nicht,3,2,Stimmt ganz,1,3,1,Stimmt gar nicht,4,2,1,1,ueber 100 CHF,3-5 CHF,1,1,1
160,2022,16,3,jung,Weiblich,3h-4h,4,16,5,eher Ja,2,1,3,Stimmt,1,1,Stimmt eher,2,3,1,Stimmt eher nicht,3,2,1,1,Wuerde ich auch gratis machen,Mehr als 20 CHF,0,2,4
161,2022,16,3,jung,Weiblich,Mehr als 5h,6,36,6,Ja,1,1,3,Stimmt nicht,4,2,Stimmt eher nicht,3,4,2,Stimmt eher nicht,3,2,2,2,ueber 100 CHF,Mehr als 20 CHF,0,2,4
162,2022,15,2,jung,Weiblich,3h-4h,4,16,5,eher Ja,2,1,3,Stimmt,1,1,Stimmt eher,2,3,1,Stimmt gar nicht,4,2,2,2,Wuerde ich auch gratis machen,3-5 CHF,1,1,1
163,2022,14,2,jung,Weiblich,2h-3h,3,9,5,Ja,1,1,3,Stimmt,1,1,Stimmt eher nicht,3,4,2,Stimmt eher nicht,3,2,1,1,ueber 100 CHF,Mehr als 20 CHF,0,2,4
164,2022,16,3,jung,Weiblich,Mehr als 5h,6,36,6,Ja,1,1,3,Stimmt,1,1,Stimmt eher,2,3,1,Stimmt ganz,1,1,1,1,Wuerde ich auch gratis machen,Mehr als 20 CHF,0,2,4
165,2022,16,3,jung,Weiblich,2h-3h,3,9,5,eher Ja,2,1,3,Stimmt,1,1,Stimmt ganz,1,3,1,Stimmt gar nicht,4,2,1,1,ueber 100 CHF,Ich wuerde auf die App verzichten,1,1,1
166,2022,16,3,jung,Maennlich,3h-4h,4,16,2,Ja,1,1,1,Stimmt eher ,2,1,Stimmt eher nicht,3,2,2,Stimmt gar nicht,4,2,2,2,50 CHF,1-2 CHF,0,2,4
167,2022,16,3,jung,Maennlich,4h-5h,5,25,3,Ja,1,1,1,Stimmt eher nicht,3,2,Stimmt eher nicht,3,2,2,Stimmt gar nicht,4,2,1,1,100 CHF,3-5 CHF,1,1,1
168,2022,16,3,jung,Maennlich,2h-3h,3,9,2,Nein,4,2,2,Stimmt,1,1,Stimmt eher nicht,3,2,2,Stimmt eher nicht,3,2,2,2,50 CHF,Mehr als 20 CHF,1,1,1
169,2022,16,3,jung,Maennlich,1h-2h,2,4,1,eher Ja,2,1,1,Stimmt,1,1,Stimmt eher,2,1,1,Stimmt eher nicht,3,2,2,2,Wuerde ich auch gratis machen,1-2 CHF,1,1,1
170,2022,15,2,jung,Weiblich,3h-4h,4,16,5,Nein,4,2,4,Stimmt,1,1,Stimmt eher nicht,3,4,2,Stimmt gar nicht,4,2,2,2,ueber 100 CHF,Ich wuerde auf die App verzichten,0,2,4
171,2022,16,3,jung,Maennlich,3h-4h,4,16,2,eher Nein,3,2,2,Stimmt eher ,2,1,Stimmt eher nicht,3,2,2,Stimmt ganz,1,1,1,1,ueber 100 CHF,3-5 CHF,0,2,4
172,2022,16,3,jung,Maennlich,3h-4h,4,16,2,eher Ja,2,1,1,Stimmt,1,1,Stimmt eher,2,1,1,Stimmt gar nicht,4,2,2,2,5 CHF,Ich wuerde auf die App verzichten,1,1,3
173,2022,35,6,alt,Weiblich,Mehr als 5h,6,36,6,Ja,1,3,3,Stimmt eher nicht,3,4,Stimmt eher,2,3,3,Stimmt gar nicht,4,4,2,4,Wuerde ich auch gratis machen,Ich wuerde auf die App verzichten,0,4,4
174,2022,17,3,jung,Maennlich,3h-4h,4,16,2,Ja,1,1,1,Stimmt eher ,2,1,Stimmt eher,2,1,1,Stimmt gar nicht,4,2,1,1,Wuerde ich auch gratis machen,11-20 CHF,0,2,4
175,2022,16,3,jung,Maennlich,1h-2h,2,4,1,Nein,4,2,2,Stimmt,1,1,Stimmt eher,2,1,1,Stimmt ganz,1,1,1,1,Wuerde ich auch gratis machen,Ich wuerde auf die App verzichten,1,1,2
176,2022,17,3,jung,Maennlich,2h-3h,3,9,2,eher Nein,3,2,2,Stimmt nicht,4,2,Stimmt gar nicht,4,2,2,Stimmt gar nicht,4,2,2,2,Wuerde ich auch gratis machen,Mehr als 20 CHF,1,1,1
177,2022,16,3,jung,Maennlich,Mehr als 5h,6,36,3,Ja,1,1,1,Stimmt,1,1,Stimmt eher nicht,3,2,2,Stimmt eher,2,1,1,1,Wuerde ich auch gratis machen,Ich wuerde auf die App verzichten,1,1,1
178,2022,16,3,jung,Weiblich,2h-3h,3,9,5,Nein,4,2,4,Stimmt,1,1,Stimmt ganz,1,3,1,Stimmt gar nicht,4,2,2,2,100 CHF,6-10 CHF,1,1,3
179,2022,17,3,jung,Weiblich,3h-4h,4,16,5,eher Ja,2,1,3,Stimmt eher ,2,1,Stimmt gar nicht,4,4,2,Stimmt eher nicht,3,2,1,1,100 CHF,Ich wuerde auf die App verzichten,0,2,4
180,2022,16,3,jung,Weiblich,3h-4h,4,16,5,eher Ja,2,1,3,Stimmt,1,1,Stimmt eher,2,3,1,Stimmt gar nicht,4,2,2,2,50 CHF,6-10 CHF,1,1,3
181,2022,18,4,alt,Maennlich,Mehr als 5h,6,36,3,Ja,1,3,1,Stimmt eher ,2,3,Stimmt eher,2,1,3,Stimmt eher,2,3,1,3,Wuerde ich auch gratis machen,Ich wuerde auf die App verzichten,1,3,3
182,2022,17,3,jung,Non-Binaer,3h-4h,4,16,7,eher Nein,3,2,5,Stimmt eher nicht,3,2,Stimmt eher,2,5,1,Stimmt eher,2,1,1,1,50 CHF,Ich wuerde auf die App verzichten,1,1,1
183,2022,16,3,jung,Non-Binaer,2h-3h,3,9,7,eher Ja,2,1,5,Stimmt,1,1,Stimmt eher,2,5,1,Stimmt gar nicht,4,2,2,2,100 CHF,6-10 CHF,1,1,2
184,2022,16,3,jung,Maennlich,1h-2h,2,4,1,eher Ja,2,1,1,Stimmt,1,1,Stimmt eher,2,1,1,Stimmt eher,2,1,1,1,20 CHF,3-5 CHF,0,2,4
185,2022,16,3,jung,Weiblich,4h-5h,5,25,6,Ja,1,1,3,Stimmt,1,1,Stimmt eher,2,3,1,Stimmt gar nicht,4,2,1,1,ueber 100 CHF,1-2 CHF,0,2,4
186,2022,17,3,jung,Maennlich,1h-2h,2,4,1,Nein,4,2,2,Stimmt,1,1,Stimmt eher,2,1,1,Stimmt eher nicht,3,2,1,1,ueber 100 CHF,3-5 CHF,0,2,4
187,2022,16,3,jung,Weiblich,4h-5h,5,25,6,Ja,1,1,3,Stimmt eher nicht,3,2,Stimmt eher nicht,3,4,2,Stimmt gar nicht,4,2,2,2,50 CHF,6-10 CHF,0,2,4
188,2022,16,3,jung,Weiblich,3h-4h,4,16,5,eher Ja,2,1,3,Stimmt eher ,2,1,Stimmt ganz,1,3,1,Stimmt eher,2,1,2,2,100 CHF,3-5 CHF,0,2,4
189,2022,16,3,jung,Maennlich,3h-4h,4,16,2,eher Ja,2,1,1,Stimmt eher ,2,1,Stimmt eher nicht,3,2,2,Stimmt eher nicht,3,2,1,1,100 CHF,11-20 CHF,0,2,4
190,2022,15,2,jung,Weiblich,weniger als 1h,1,1,4,Nein,4,2,4,Stimmt,1,1,Stimmt eher,2,3,1,Stimmt gar nicht,4,2,1,1,Wuerde ich auch gratis machen,Ich wuerde auf die App verzichten,1,1,2
191,2022,17,3,jung,Weiblich,4h-5h,5,25,6,eher Nein,3,2,4,Stimmt eher nicht,3,2,Stimmt eher nicht,3,4,2,Stimmt gar nicht,4,2,1,1,100 CHF,11-20 CHF,1,1,1
192,2022,15,2,jung,Weiblich,2h-3h,3,9,5,eher Ja,2,1,3,Stimmt eher nicht,3,2,Stimmt eher,2,3,1,Stimmt gar nicht,4,2,2,2,ueber 100 CHF,Mehr als 20 CHF,1,1,3
193,2022,55,6,alt,Maennlich,1h-2h,2,4,1,Ja,1,3,1,Stimmt eher nicht,3,4,Stimmt eher nicht,3,2,4,Stimmt eher,2,3,1,3,ueber 100 CHF,Mehr als 20 CHF,1,3,1
194,2022,24,5,alt,Weiblich,2h-3h,3,9,5,Ja,1,3,3,Stimmt,1,3,Stimmt eher nicht,3,4,4,Stimmt gar nicht,4,4,2,4,Wuerde ich auch gratis machen,1-2 CHF,0,4,4
195,2022,16,3,jung,Weiblich,1h-2h,2,4,4,Nein,4,2,4,Stimmt,1,1,Stimmt eher,2,3,1,Stimmt eher nicht,3,2,1,1,100 CHF,Ich wuerde auf die App verzichten,0,2,4
196,2022,14,2,jung,Maennlich,1h-2h,2,4,1,Nein,4,2,2,Stimmt,1,1,Stimmt ganz,1,1,1,Stimmt eher,2,1,1,1,Wuerde ich auch gratis machen,1-2 CHF,0,2,4
197,2022,49,6,alt,Weiblich,1h-2h,2,4,4,Nein,4,4,4,Stimmt,1,3,Stimmt gar nicht,4,4,4,Stimmt gar nicht,4,4,2,4,Wuerde ich auch gratis machen,Ich wuerde auf die App verzichten,1,3,1
198,2023,14,2,jung,Moechte nicht antworten,1h-2h,2,4,7,eher Ja,2,1,5,Stimmt eher nicht,3,2,Stimmt ganz,1,5,1,Stimmt eher,2,1,1,1,50 CHF,Mehr als 20 CHF,1,1,3
199,2023,15,2,jung,Weiblich,2h-3h,3,9,5,Ja,1,1,3,Stimmt eher nicht,3,2,Stimmt eher nicht,3,4,2,Stimmt eher,2,1,2,2,100 CHF,6-10 CHF,1,1,1
200,2023,15,2,jung,Weiblich,1h-2h,2,4,4,eher Nein,3,2,4,Stimmt,1,1,Stimmt eher nicht,3,4,2,Stimmt gar nicht,4,2,1,1,Wuerde ich auch gratis machen,6-10 CHF,1,1,2
201,2023,15,2,jung,Maennlich,2h-3h,3,9,2,Nein,4,2,2,Stimmt eher ,2,1,Stimmt eher nicht,3,2,2,Stimmt eher nicht,3,2,1,1,Wuerde ich auch gratis machen,6-10 CHF,1,1,1
202,2023,14,2,jung,Weiblich,3h-4h,4,16,5,eher Ja,2,1,3,Stimmt eher nicht,3,2,Stimmt eher nicht,3,4,2,Stimmt eher nicht,3,2,2,2,100 CHF,1-2 CHF,1,1,1
203,2023,15,2,jung,Weiblich,3h-4h,4,16,5,Nein,4,2,4,Stimmt eher nicht,3,2,Stimmt eher,2,3,1,Stimmt gar nicht,4,2,1,1,ueber  100 CHF,11-20 CHF,0,2,4
204,2023,16,3,jung,Maennlich,1h-2h,2,4,1,Ja,1,1,1,Stimmt eher nicht,3,2,Stimmt eher nicht,3,2,2,Stimmt eher nicht,3,2,1,1,100 CHF,11-20 CHF,0,2,4
205,2023,15,2,jung,Maennlich,2h-3h,3,9,2,Nein,4,2,2,Stimmt eher ,2,1,Stimmt eher nicht,3,2,2,Stimmt gar nicht,4,2,1,1,50 CHF,11-20 CHF,0,2,4
206,2023,32,6,alt,Maennlich,Mehr als 5h,6,36,3,Ja,1,3,1,Stimmt,1,3,Stimmt eher,2,1,3,Stimmt eher nicht,3,4,1,3,20 CHF,Ich wuerde auf die App verzichten,1,3,1
207,2023,15,2,jung,Maennlich,4h-5h,5,25,3,eher Ja,2,1,1,Stimmt eher nicht,3,2,Stimmt gar nicht,4,2,2,Stimmt eher,2,1,1,1,50 CHF,Mehr als 20 CHF,0,2,4
208,2023,15,2,jung,Maennlich,1h-2h,2,4,1,eher Ja,2,1,1,Stimmt eher ,2,1,Stimmt eher nicht,3,2,2,Stimmt eher nicht,3,2,1,1,20 CHF,3-5 CHF,0,2,4
209,2023,15,2,jung,Weiblich,1h-2h,2,4,4,Nein,4,2,4,Stimmt,1,1,Stimmt gar nicht,4,4,2,Stimmt gar nicht,4,2,2,2,Wuerde ich auch gratis machen,6-10 CHF,0,2,4
210,2023,14,2,jung,Weiblich,weniger als 1h,1,1,4,Nein,4,2,4,Stimmt eher ,2,1,Stimmt eher nicht,3,4,2,Stimmt gar nicht,4,2,2,2,Wuerde ich auch gratis machen,Ich wuerde auf die App verzichten,1,1,1
211,2023,15,2,jung,Weiblich,2h-3h,3,9,5,eher Ja,2,1,3,Stimmt eher ,2,1,Stimmt eher,2,3,1,Stimmt eher,2,1,2,2,50 CHF,1-2 CHF,1,1,1
212,2023,14,2,jung,Weiblich,2h-3h,3,9,5,eher Ja,2,1,3,Stimmt eher ,2,1,Stimmt eher nicht,3,4,2,Stimmt gar nicht,4,2,1,1,20 CHF,3-5 CHF,1,1,3
213,2023,15,2,jung,Maennlich,1h-2h,2,4,1,Nein,4,2,2,Stimmt eher nicht,3,2,Stimmt eher,2,1,1,Stimmt ganz,1,1,2,2,ueber  100 CHF,11-20 CHF,1,1,1
214,2023,15,2,jung,Maennlich,2h-3h,3,9,2,Nein,4,2,2,Stimmt,1,1,Stimmt eher,2,1,1,Stimmt gar nicht,4,2,2,2,50 CHF,3-5 CHF,0,2,4
215,2023,14,2,jung,Weiblich,3h-4h,4,16,5,Ja,1,1,3,Stimmt eher ,2,1,Stimmt eher nicht,3,4,2,Stimmt gar nicht,4,2,2,2,ueber  100 CHF,Ich wuerde auf die App verzichten,0,2,4
216,2023,14,2,jung,Weiblich,3h-4h,4,16,5,Nein,4,2,4,Stimmt eher ,2,1,Stimmt eher nicht,3,4,2,Stimmt gar nicht,4,2,2,2,100 CHF,1-2 CHF,0,2,4
217,2023,16,3,jung,Non-Binaer,2h-3h,3,9,7,eher Ja,2,1,5,Stimmt,1,1,Stimmt eher nicht,3,5,2,Stimmt eher,2,1,1,1,50 CHF,1-2 CHF,1,1,3
218,2023,17,3,jung,Weiblich,1h-2h,2,4,4,Ja,1,1,3,Stimmt,1,1,Stimmt eher,2,3,1,Stimmt eher nicht,3,2,1,1,ueber  100 CHF,11-20 CHF,0,2,4
219,2023,17,3,jung,Weiblich,2h-3h,3,9,5,Nein,4,2,4,Stimmt eher ,2,1,Stimmt ganz,1,3,1,Stimmt gar nicht,4,2,2,2,ueber  100 CHF,3-5 CHF,1,1,3
220,2023,17,3,jung,Weiblich,2h-3h,3,9,5,Ja,1,1,3,Stimmt,1,1,Stimmt eher nicht,3,4,2,Stimmt eher,2,1,1,1,ueber  100 CHF,6-10 CHF,1,1,1
221,2023,16,3,jung,Weiblich,3h-4h,4,16,5,eher Nein,3,2,4,Stimmt nicht,4,2,Stimmt eher nicht,3,4,2,Stimmt eher nicht,3,2,2,2,100 CHF,6-10 CHF,0,2,4
222,2023,16,3,jung,Maennlich,1h-2h,2,4,1,eher Ja,2,1,1,Stimmt,1,1,Stimmt eher,2,1,1,Stimmt eher,2,1,1,1,Wuerde ich auch gratis machen,Ich wuerde auf die App verzichten,0,2,4
223,2023,16,3,jung,Weiblich,4h-5h,5,25,6,Ja,1,1,3,Stimmt eher ,2,1,Stimmt eher,2,3,1,Stimmt eher,2,1,1,1,100 CHF,6-10 CHF,1,1,1
224,2023,16,3,jung,Weiblich,3h-4h,4,16,5,Nein,4,2,4,Stimmt,1,1,Stimmt gar nicht,4,4,2,Stimmt gar nicht,4,2,1,1,ueber  100 CHF,Ich wuerde auf die App verzichten,0,2,4
225,2023,16,3,jung,Weiblich,3h-4h,4,16,5,Ja,1,1,3,Stimmt,1,1,Stimmt eher,2,3,1,Stimmt gar nicht,4,2,2,2,Wuerde ich auch gratis machen,1-2 CHF,1,1,1
226,2023,16,3,jung,Maennlich,1h-2h,2,4,1,Nein,4,2,2,Stimmt,1,1,Stimmt eher nicht,3,2,2,Stimmt eher,2,1,1,1,Wuerde ich auch gratis machen,1-2 CHF,0,2,4
227,2023,16,3,jung,Maennlich,3h-4h,4,16,2,eher Ja,2,1,1,Stimmt eher nicht,3,2,Stimmt eher nicht,3,2,2,Stimmt gar nicht,4,2,1,1,100 CHF,6-10 CHF,1,1,2
228,2023,17,3,jung,Moechte nicht antworten,1h-2h,2,4,7,eher Ja,2,1,5,Stimmt eher nicht,3,2,Stimmt ganz,1,5,1,Stimmt eher,2,1,1,1,ueber  100 CHF,Mehr als 20 CHF,0,2,4
229,2023,17,3,jung,Maennlich,3h-4h,4,16,2,eher Ja,2,1,1,Stimmt,1,1,Stimmt eher nicht,3,2,2,Stimmt eher nicht,3,2,1,1,Wuerde ich auch gratis machen,Mehr als 20 CHF,1,1,2
230,2023,16,3,jung,Maennlich,3h-4h,4,16,2,Ja,1,1,1,Stimmt eher nicht,3,2,Stimmt eher,2,1,1,Stimmt eher nicht,3,2,1,1,100 CHF,1-2 CHF,0,2,4
231,2023,16,3,jung,Weiblich,Mehr als 5h,6,36,6,Ja,1,1,3,Stimmt eher nicht,3,2,Stimmt eher,2,3,1,Stimmt gar nicht,4,2,1,1,ueber  100 CHF,1-2 CHF,0,2,4
232,2023,17,3,jung,Maennlich,4h-5h,5,25,3,eher Nein,3,2,2,Stimmt,1,1,Stimmt eher,2,1,1,Stimmt eher nicht,3,2,2,2,Wuerde ich auch gratis machen,Ich wuerde auf die App verzichten,0,2,4
233,2023,17,3,jung,Weiblich,2h-3h,3,9,5,eher Ja,2,1,3,Stimmt eher ,2,1,Stimmt eher nicht,3,4,2,Stimmt ganz,1,1,1,1,20 CHF,Mehr als 20 CHF,1,1,2
234,2023,18,4,alt,Weiblich,3h-4h,4,16,5,eher Ja,2,3,3,Stimmt eher nicht,3,4,Stimmt eher nicht,3,4,4,Stimmt gar nicht,4,4,2,4,50 CHF,Mehr als 20 CHF,1,3,2
235,2023,16,3,jung,Weiblich,4h-5h,5,25,6,Ja,1,1,3,Stimmt eher ,2,1,Stimmt eher,2,3,1,Stimmt eher,2,1,1,1,50 CHF,Mehr als 20 CHF,1,1,1
236,2023,17,3,jung,Weiblich,4h-5h,5,25,6,Ja,1,1,3,Stimmt,1,1,Stimmt eher,2,3,1,Stimmt ganz,1,1,1,1,ueber  100 CHF,Mehr als 20 CHF,1,1,1
237,2023,17,3,jung,Non-Binaer,Mehr als 5h,6,36,7,eher Ja,2,1,5,Stimmt eher ,2,1,Stimmt eher,2,5,1,Stimmt eher nicht,3,2,2,2,ueber  100 CHF,3-5 CHF,0,2,4
238,2023,17,3,jung,Weiblich,3h-4h,4,16,5,Ja,1,1,3,Stimmt eher ,2,1,Stimmt eher nicht,3,4,2,Stimmt eher nicht,3,2,2,2,50 CHF,1-2 CHF,1,1,1
239,2023,17,3,jung,Weiblich,3h-4h,4,16,5,eher Ja,2,1,3,Stimmt,1,1,Stimmt eher,2,3,1,Stimmt eher nicht,3,2,1,1,ueber  100 CHF,3-5 CHF,1,1,2
240,2023,16,3,jung,Weiblich,4h-5h,5,25,6,Nein,4,2,4,Stimmt,1,1,Stimmt eher,2,3,1,Stimmt gar nicht,4,2,2,2,100 CHF,3-5 CHF,1,1,3
241,2023,17,3,jung,Maennlich,1h-2h,2,4,1,eher Ja,2,1,1,Stimmt,1,1,Stimmt eher nicht,3,2,2,Stimmt gar nicht,4,2,2,2,20 CHF,3-5 CHF,0,2,4
242,2023,16,3,jung,Weiblich,Mehr als 5h,6,36,6,Ja,1,1,3,Stimmt nicht,4,2,Stimmt eher nicht,3,4,2,Stimmt eher nicht,3,2,1,1,ueber  100 CHF,6-10 CHF,0,2,4
243,2023,16,3,jung,Weiblich,2h-3h,3,9,5,Nein,4,2,4,Stimmt,1,1,Stimmt eher nicht,3,4,2,Stimmt gar nicht,4,2,2,2,Wuerde ich auch gratis machen,1-2 CHF,0,2,4
244,2023,16,3,jung,Weiblich,4h-5h,5,25,6,eher Ja,2,1,3,Stimmt,1,1,Stimmt eher,2,3,1,Stimmt gar nicht,4,2,2,2,Wuerde ich auch gratis machen,1-2 CHF,0,2,4
245,2023,18,4,alt,Maennlich,1h-2h,2,4,1,eher Ja,2,3,1,Stimmt eher ,2,3,Stimmt eher nicht,3,2,4,Stimmt eher,2,3,1,3,100 CHF,3-5 CHF,0,4,4
246,2023,17,3,jung,Maennlich,Mehr als 5h,6,36,3,Ja,1,1,1,Stimmt nicht,4,2,Stimmt eher nicht,3,2,2,Stimmt gar nicht,4,2,1,1,ueber  100 CHF,3-5 CHF,0,2,4
247,2023,16,3,jung,Maennlich,4h-5h,5,25,3,eher Ja,2,1,1,Stimmt eher nicht,3,2,Stimmt gar nicht,4,2,2,Stimmt ganz,1,1,1,1,50 CHF,3-5 CHF,1,1,1
248,2023,15,2,jung,Weiblich,2h-3h,3,9,5,Ja,1,1,3,Stimmt eher ,2,1,Stimmt eher nicht,3,4,2,Stimmt gar nicht,4,2,1,1,100 CHF,3-5 CHF,1,1,1
249,2023,16,3,jung,Weiblich,3h-4h,4,16,5,Nein,4,2,4,Stimmt eher ,2,1,Stimmt eher nicht,3,4,2,Stimmt eher nicht,3,2,2,2,100 CHF,6-10 CHF,0,2,4
250,2023,16,3,jung,Maennlich,4h-5h,5,25,3,Nein,4,2,2,Stimmt eher ,2,1,Stimmt eher,2,1,1,Stimmt eher,2,1,2,2,100 CHF,11-20 CHF,1,1,1
251,2023,17,3,jung,Weiblich,3h-4h,4,16,5,Ja,1,1,3,Stimmt eher ,2,1,Stimmt eher nicht,3,4,2,Stimmt gar nicht,4,2,1,1,Wuerde ich auch gratis machen,Ich wuerde auf die App verzichten,0,2,4
252,2023,16,3,jung,Maennlich,1h-2h,2,4,1,Ja,1,1,1,Stimmt,1,1,Stimmt eher nicht,3,2,2,Stimmt eher nicht,3,2,1,1,50 CHF,6-10 CHF,0,2,4
253,2023,19,4,alt,Weiblich,2h-3h,3,9,5,eher Ja,2,3,3,Stimmt eher ,2,3,Stimmt ganz,1,3,3,Stimmt eher nicht,3,4,2,4,100 CHF,Ich wuerde auf die App verzichten,0,4,4
254,2023,16,3,jung,Weiblich,2h-3h,3,9,5,eher Ja,2,1,3,Stimmt eher nicht,3,2,Stimmt eher nicht,3,4,2,Stimmt gar nicht,4,2,1,1,ueber  100 CHF,6-10 CHF,1,1,1
255,2023,18,4,alt,Moechte nicht antworten,1h-2h,2,4,7,Ja,1,3,5,Stimmt eher ,2,3,Stimmt eher,2,5,3,Stimmt eher,2,3,2,4,ueber  100 CHF,3-5 CHF,1,3,1
256,2023,16,3,jung,Weiblich,3h-4h,4,16,5,Ja,1,1,3,Stimmt eher nicht,3,2,Stimmt eher nicht,3,4,2,Stimmt gar nicht,4,2,1,1,ueber  100 CHF,11-20 CHF,1,1,1
257,2023,20,5,alt,Weiblich,weniger als 1h,1,1,4,eher Ja,2,3,3,Stimmt,1,3,Stimmt eher,2,3,3,Stimmt gar nicht,4,4,2,4,Wuerde ich auch gratis machen,Ich wuerde auf die App verzichten,1,3,1
258,2023,17,3,jung,Maennlich,3h-4h,4,16,2,eher Ja,2,1,1,Stimmt,1,1,Stimmt eher,2,1,1,Stimmt ganz,1,1,2,2,100 CHF,Mehr als 20 CHF,0,2,4
259,2023,17,3,jung,Non-Binaer,3h-4h,4,16,7,Ja,1,1,5,Stimmt eher ,2,1,Stimmt eher,2,5,1,Stimmt eher nicht,3,2,1,1,ueber  100 CHF,11-20 CHF,0,2,4
260,2023,17,3,jung,Maennlich,2h-3h,3,9,2,eher Ja,2,1,1,Stimmt,1,1,Stimmt eher nicht,3,2,2,Stimmt gar nicht,4,2,1,1,ueber  100 CHF,6-10 CHF,0,2,4
261,2023,16,3,jung,Maennlich,1h-2h,2,4,1,Nein,4,2,2,Stimmt,1,1,Stimmt eher nicht,3,2,2,Stimmt gar nicht,4,2,1,1,100 CHF,Mehr als 20 CHF,0,2,4
262,2023,16,3,jung,Maennlich,2h-3h,3,9,2,Ja,1,1,1,Stimmt,1,1,Stimmt eher nicht,3,2,2,Stimmt ganz,1,1,1,1,100 CHF,11-20 CHF,0,2,4
263,2023,15,2,jung,Weiblich,Mehr als 5h,6,36,6,Ja,1,1,3,Stimmt eher nicht,3,2,Stimmt eher nicht,3,4,2,Stimmt eher,2,1,2,2,ueber  100 CHF,11-20 CHF,0,2,4
264,2023,16,3,jung,Maennlich,3h-4h,4,16,2,eher Ja,2,1,1,Stimmt eher ,2,1,Stimmt eher,2,1,1,Stimmt ganz,1,1,1,1,ueber  100 CHF,Ich wuerde auf die App verzichten,0,2,4
265,2023,16,3,jung,Maennlich,2h-3h,3,9,2,eher Nein,3,2,2,Stimmt eher ,2,1,Stimmt eher nicht,3,2,2,Stimmt eher nicht,3,2,1,1,100 CHF,6-10 CHF,0,2,4
266,2023,16,3,jung,Maennlich,4h-5h,5,25,3,Nein,4,2,2,Stimmt,1,1,Stimmt ganz,1,1,1,Stimmt gar nicht,4,2,2,2,ueber  100 CHF,Ich wuerde auf die App verzichten,1,1,3
267,2023,16,3,jung,Maennlich,2h-3h,3,9,2,Ja,1,1,1,Stimmt eher ,2,1,Stimmt eher nicht,3,2,2,Stimmt eher nicht,3,2,1,1,ueber  100 CHF,1-2 CHF,0,2,4
268,2023,18,4,alt,Maennlich,Mehr als 5h,6,36,3,Ja,1,3,1,Stimmt eher nicht,3,4,Stimmt eher nicht,3,2,4,Stimmt ganz,1,3,1,3,ueber  100 CHF,6-10 CHF,0,4,4
269,2023,16,3,jung,Maennlich,1h-2h,2,4,1,eher Ja,2,1,1,Stimmt,1,1,Stimmt eher,2,1,1,Stimmt eher,2,1,1,1,Wuerde ich auch gratis machen,Ich wuerde auf die App verzichten,1,1,1
270,2023,19,4,alt,Weiblich,1h-2h,2,4,4,Ja,1,3,3,Stimmt eher ,2,3,Stimmt eher nicht,3,4,4,Stimmt gar nicht,4,4,1,3,ueber  100 CHF,1-2 CHF,0,4,4
271,2023,16,3,jung,Weiblich,2h-3h,3,9,5,Nein,4,2,4,Stimmt eher ,2,1,Stimmt eher,2,3,1,Stimmt eher nicht,3,2,1,1,ueber  100 CHF,Mehr als 20 CHF,1,1,1
272,2023,17,3,jung,Non-Binaer,2h-3h,3,9,7,eher Ja,2,1,5,Stimmt,1,1,Stimmt eher nicht,3,5,2,Stimmt gar nicht,4,2,2,2,10 CHF,3-5 CHF,1,1,3
273,2023,17,3,jung,Weiblich,2h-3h,3,9,5,eher Ja,2,1,3,Stimmt eher ,2,1,Stimmt eher,2,3,1,Stimmt eher nicht,3,2,1,1,Wuerde ich auch gratis machen,Ich wuerde auf die App verzichten,1,1,3
274,2023,16,3,jung,Maennlich,4h-5h,5,25,3,Nein,4,2,2,Stimmt eher nicht,3,2,Stimmt eher,2,1,1,Stimmt ganz,1,1,2,2,ueber  100 CHF,11-20 CHF,1,1,1
275,2023,16,3,jung,Maennlich,2h-3h,3,9,2,Ja,1,1,1,Stimmt,1,1,Stimmt gar nicht,4,2,2,Stimmt eher nicht,3,2,1,1,10 CHF,1-2 CHF,0,2,4
276,2023,14,2,jung,Maennlich,2h-3h,3,9,2,eher Ja,2,1,1,Stimmt,1,1,Stimmt eher nicht,3,2,2,Stimmt eher,2,1,1,1,Wuerde ich auch gratis machen,Ich wuerde auf die App verzichten,0,2,4
277,2023,15,2,jung,Maennlich,Mehr als 5h,6,36,3,eher Ja,2,1,1,Stimmt,1,1,Stimmt ganz,1,1,1,Stimmt eher,2,1,1,1,ueber  100 CHF,Ich wuerde auf die App verzichten,0,2,4
278,2023,16,3,jung,Maennlich,3h-4h,4,16,2,Nein,4,2,2,Stimmt eher nicht,3,2,Stimmt eher nicht,3,2,2,Stimmt eher nicht,3,2,2,2,100 CHF,3-5 CHF,1,1,2
279,2023,19,4,alt,Maennlich,3h-4h,4,16,2,eher Nein,3,4,2,Stimmt eher nicht,3,4,Stimmt ganz,1,1,3,Stimmt eher nicht,3,4,1,3,ueber  100 CHF,3-5 CHF,0,4,4
280,2023,16,3,jung,Maennlich,2h-3h,3,9,2,eher Ja,2,1,1,Stimmt,1,1,Stimmt eher,2,1,1,Stimmt gar nicht,4,2,2,2,10 CHF,Ich wuerde auf die App verzichten,1,1,1
281,2023,16,3,jung,Weiblich,Mehr als 5h,6,36,6,Nein,4,2,4,Stimmt eher nicht,3,2,Stimmt eher nicht,3,4,2,Stimmt eher nicht,3,2,2,2,50 CHF,Ich wuerde auf die App verzichten,1,1,3
282,2023,16,3,jung,Weiblich,2h-3h,3,9,5,eher Nein,3,2,4,Stimmt eher ,2,1,Stimmt eher,2,3,1,Stimmt eher,2,1,2,2,Wuerde ich auch gratis machen,6-10 CHF,1,1,1
283,2023,15,2,jung,Weiblich,Mehr als 5h,6,36,6,Nein,4,2,4,Stimmt eher nicht,3,2,Stimmt eher nicht,3,4,2,Stimmt gar nicht,4,2,1,1,100 CHF,Ich wuerde auf die App verzichten,0,2,4
284,2023,17,3,jung,Weiblich,3h-4h,4,16,5,Ja,1,1,3,Stimmt,1,1,Stimmt eher,2,3,1,Stimmt eher nicht,3,2,1,1,100 CHF,3-5 CHF,0,2,4
285,2023,18,4,alt,Weiblich,3h-4h,4,16,5,eher Ja,2,3,3,Stimmt,1,3,Stimmt eher,2,3,3,Stimmt eher nicht,3,4,1,3,Wuerde ich auch gratis machen,1-2 CHF,0,4,4
286,2024,17,3,jung,Weiblich,2h-3h,3,9,5,Nein,4,2,4,Stimmt eher ,2,1,Stimmt eher,2,3,1,Stimmt gar nicht,4,2,1,1,ueber  100 CHF,Ich wuerde auf die App verzichten,1,1,3
287,2024,15,2,jung,Maennlich,4h-5h,5,25,3,eher Ja,2,1,1,Stimmt,1,1,Stimmt eher nicht,3,2,2,Stimmt eher,2,1,2,2,Wuerde ich auch gratis machen,1-2 CHF,1,1,1
288,2024,33,6,alt,Maennlich,Mehr als 5h,6,36,3,Ja,1,3,1,Stimmt,1,3,Stimmt eher,2,1,3,Stimmt eher nicht,3,4,1,3,Wuerde ich auch gratis machen,Ich wuerde auf die App verzichten,1,3,1
289,2024,16,3,jung,Weiblich,4h-5h,5,25,6,eher Ja,2,1,3,Stimmt,1,1,Stimmt eher,2,3,1,Stimmt gar nicht,4,2,1,1,ueber  100 CHF,Mehr als 20 CHF,0,2,4
290,2024,14,2,jung,Weiblich,3h-4h,4,16,5,Nein,4,2,4,Stimmt eher ,2,1,Stimmt eher,2,3,1,Stimmt eher nicht,3,2,2,2, 100 CHF,Ich wuerde auf die App verzichten,0,2,4
291,2024,16,3,jung,Maennlich,2h-3h,3,9,2,eher Ja,2,1,1,Stimmt,1,1,Stimmt eher,2,1,1,Stimmt ganz,1,1,1,1,ueber  100 CHF,11-20 CHF,1,1,1
292,2024,15,2,jung,Weiblich,Mehr als 5h,6,36,6,Ja,1,1,3,Stimmt,1,1,Stimmt eher nicht,3,4,2,Stimmt eher nicht,3,2,2,2,ueber  100 CHF,Mehr als 20 CHF,0,2,4
293,2024,15,2,jung,Maennlich,2h-3h,3,9,2,eher Ja,2,1,1,Stimmt eher ,2,1,Stimmt eher,2,1,1,Stimmt gar nicht,4,2,2,2, 100 CHF,Mehr als 20 CHF,1,1,1
294,2024,15,2,jung,Maennlich,2h-3h,3,9,2,eher Ja,2,1,1,Stimmt eher ,2,1,Stimmt eher nicht,3,2,2,Stimmt gar nicht,4,2,2,2,ueber  100 CHF,Mehr als 20 CHF,0,2,4
295,2024,16,3,jung,Maennlich,3h-4h,4,16,2,Nein,4,2,2,Stimmt eher ,2,1,Stimmt eher nicht,3,2,2,Stimmt eher nicht,3,2,1,1,20 CHF,3-5 CHF,0,2,4
296,2024,14,2,jung,Non-Binaer,3h-4h,4,16,7,eher Ja,2,1,5,Stimmt eher nicht,3,2,Stimmt eher nicht,3,5,2,Stimmt gar nicht,4,2,2,2,ueber  100 CHF,1-2 CHF,0,2,4
297,2024,15,2,jung,Maennlich,3h-4h,4,16,2,Nein,4,2,2,Stimmt,1,1,Stimmt eher,2,1,1,Stimmt eher nicht,3,2,2,2, 100 CHF,Ich wuerde auf die App verzichten,1,1,3
298,2024,15,2,jung,Maennlich,1h-2h,2,4,1,Ja,1,1,1,Stimmt,1,1,Stimmt ganz,1,1,1,Stimmt eher,2,1,1,1,Wuerde ich auch gratis machen,Mehr als 20 CHF,0,2,4
299,2024,14,2,jung,Weiblich,1h-2h,2,4,4,Nein,4,2,4,Stimmt,1,1,Stimmt eher,2,3,1,Stimmt gar nicht,4,2,2,2,50 CHF,6-10 CHF,0,2,4
300,2024,16,3,jung,Weiblich,3h-4h,4,16,5,eher Ja,2,1,3,Stimmt,1,1,Stimmt eher nicht,3,4,2,Stimmt eher,2,1,2,2,Wuerde ich auch gratis machen,Ich wuerde auf die App verzichten,0,2,4
301,2024,15,2,jung,Weiblich,3h-4h,4,16,5,Nein,4,2,4,Stimmt eher ,2,1,Stimmt eher,2,3,1,Stimmt eher nicht,3,2,1,1,ueber  100 CHF,1-2 CHF,0,2,4
302,2024,17,3,jung,Maennlich,weniger als 1h,1,1,1,Nein,4,2,2,Stimmt,1,1,Stimmt ganz,1,1,1,Stimmt ganz,1,1,1,1,Wuerde ich auch gratis machen,Ich wuerde auf die App verzichten,0,2,4
303,2024,18,4,alt,Weiblich,2h-3h,3,9,5,Ja,1,3,3,Stimmt eher ,2,3,Stimmt eher,2,3,3,Stimmt eher nicht,3,4,2,4,Wuerde ich auch gratis machen,Ich wuerde auf die App verzichten,1,3,3
304,2024,18,4,alt,Weiblich,4h-5h,5,25,6,Nein,4,4,4,Stimmt eher ,2,3,Stimmt eher nicht,3,4,4,Stimmt gar nicht,4,4,2,4, 100 CHF,11-20 CHF,1,3,1
305,2024,17,3,jung,Maennlich,4h-5h,5,25,3,eher Nein,3,2,2,Stimmt,1,1,Stimmt eher nicht,3,2,2,Stimmt eher,2,1,2,2, 100 CHF,6-10 CHF,1,1,1
306,2024,16,3,jung,Weiblich,2h-3h,3,9,5,eher Ja,2,1,3,Stimmt eher ,2,1,Stimmt eher nicht,3,4,2,Stimmt gar nicht,4,2,2,2,50 CHF,6-10 CHF,1,1,1
307,2024,17,3,jung,Weiblich,3h-4h,4,16,5,eher Nein,3,2,4,Stimmt eher ,2,1,Stimmt eher nicht,3,4,2,Stimmt gar nicht,4,2,2,2, 100 CHF,3-5 CHF,0,2,4
308,2024,16,3,jung,Maennlich,3h-4h,4,16,2,eher Nein,3,2,2,Stimmt,1,1,Stimmt eher,2,1,1,Stimmt eher nicht,3,2,1,1,50 CHF,6-10 CHF,0,2,4
309,2024,16,3,jung,Maennlich,3h-4h,4,16,2,Nein,4,2,2,Stimmt eher nicht,3,2,Stimmt eher nicht,3,2,2,Stimmt eher nicht,3,2,1,1,Wuerde ich auch gratis machen,3-5 CHF,1,1,1
310,2024,16,3,jung,Maennlich,2h-3h,3,9,2,Ja,1,1,1,Stimmt eher nicht,3,2,Stimmt eher nicht,3,2,2,Stimmt eher nicht,3,2,1,1,50 CHF,6-10 CHF,1,1,1
311,2024,16,3,jung,Weiblich,3h-4h,4,16,5,Nein,4,2,4,Stimmt,1,1,Stimmt eher nicht,3,4,2,Stimmt gar nicht,4,2,1,1,ueber  100 CHF,1-2 CHF,0,2,4
312,2024,16,3,jung,Weiblich,2h-3h,3,9,5,Nein,4,2,4,Stimmt,1,1,Stimmt eher nicht,3,4,2,Stimmt eher nicht,3,2,2,2,Wuerde ich auch gratis machen,6-10 CHF,0,2,4
313,2024,16,3,jung,Maennlich,2h-3h,3,9,2,Nein,4,2,2,Stimmt,1,1,Stimmt eher nicht,3,2,2,Stimmt gar nicht,4,2,2,2,5 CHF,1-2 CHF,0,2,4
314,2024,44,6,alt,Maennlich,2h-3h,3,9,2,Ja,1,3,1,Stimmt,1,3,Stimmt eher nicht,3,2,4,Stimmt eher nicht,3,4,2,4,Wuerde ich auch gratis machen,Ich wuerde auf die App verzichten,1,3,1
315,2024,15,2,jung,Weiblich,Mehr als 5h,6,36,6,Ja,1,1,3,Stimmt,1,1,Stimmt eher,2,3,1,Stimmt gar nicht,4,2,2,2,50 CHF,Ich wuerde auf die App verzichten,0,2,4
316,2024,15,2,jung,Weiblich,1h-2h,2,4,4,Nein,4,2,4,Stimmt eher ,2,1,Stimmt ganz,1,3,1,Stimmt gar nicht,4,2,2,2,Wuerde ich auch gratis machen,3-5 CHF,1,1,3
317,2024,16,3,jung,Weiblich,2h-3h,3,9,5,eher Nein,3,2,4,Stimmt eher ,2,1,Stimmt eher nicht,3,4,2,Stimmt gar nicht,4,2,2,2,Wuerde ich auch gratis machen,1-2 CHF,1,1,1
318,2024,16,3,jung,Maennlich,weniger als 1h,1,1,1,Nein,4,2,2,Stimmt eher ,2,1,Stimmt eher nicht,3,2,2,Stimmt ganz,1,1,2,2,ueber  100 CHF,Mehr als 20 CHF,1,1,3
319,2024,17,3,jung,Weiblich,3h-4h,4,16,5,eher Ja,2,1,3,Stimmt,1,1,Stimmt eher,2,3,1,Stimmt gar nicht,4,2,2,2,Wuerde ich auch gratis machen,Ich wuerde auf die App verzichten,0,2,4
320,2024,18,4,alt,Weiblich,3h-4h,4,16,5,eher Ja,2,3,3,Stimmt,1,3,Stimmt eher,2,3,3,Stimmt gar nicht,4,4,1,3,ueber  100 CHF,Mehr als 20 CHF,0,4,4
321,2024,16,3,jung,Weiblich,3h-4h,4,16,5,eher Nein,3,2,4,Stimmt nicht,4,2,Stimmt eher nicht,3,4,2,Stimmt gar nicht,4,2,2,2,ueber  100 CHF,6-10 CHF,0,2,4
322,2024,18,4,alt,Maennlich,1h-2h,2,4,1,eher Ja,2,3,1,Stimmt eher ,2,3,Stimmt eher nicht,3,2,4,Stimmt eher nicht,3,4,1,3,ueber  100 CHF,1-2 CHF,1,3,3
323,2024,17,3,jung,Weiblich,2h-3h,3,9,5,Nein,4,2,4,Stimmt,1,1,Stimmt gar nicht,4,4,2,Stimmt gar nicht,4,2,1,1,Wuerde ich auch gratis machen,Ich wuerde auf die App verzichten,0,2,4
324,2024,17,3,jung,Weiblich,2h-3h,3,9,5,Ja,1,1,3,Stimmt eher nicht,3,2,Stimmt eher,2,3,1,Stimmt gar nicht,4,2,2,2,ueber  100 CHF,6-10 CHF,1,1,1
325,2024,17,3,jung,Maennlich,4h-5h,5,25,3,eher Nein,3,2,2,Stimmt nicht,4,2,Stimmt eher,2,1,1,Stimmt gar nicht,4,2,1,1,ueber  100 CHF,Mehr als 20 CHF,0,2,4
326,2024,17,3,jung,Maennlich,weniger als 1h,1,1,1,Nein,4,2,2,Stimmt,1,1,Stimmt gar nicht,4,2,2,Stimmt gar nicht,4,2,2,2,Wuerde ich auch gratis machen,Ich wuerde auf die App verzichten,0,2,4
327,2024,17,3,jung,Maennlich,2h-3h,3,9,2,eher Ja,2,1,1,Stimmt eher ,2,1,Stimmt eher,2,1,1,Stimmt gar nicht,4,2,1,1,50 CHF,Mehr als 20 CHF,1,1,3
328,2024,17,3,jung,Maennlich,2h-3h,3,9,2,eher Ja,2,1,1,Stimmt,1,1,Stimmt eher,2,1,1,Stimmt eher nicht,3,2,1,1,50 CHF,1-2 CHF,0,2,4
329,2024,18,4,alt,Weiblich,2h-3h,3,9,5,Ja,1,3,3,Stimmt nicht,4,4,Stimmt eher nicht,3,4,4,Stimmt eher nicht,3,4,1,3,ueber  100 CHF,6-10 CHF,1,3,1
330,2024,17,3,jung,Maennlich,3h-4h,4,16,2,Ja,1,1,1,Stimmt eher nicht,3,2,Stimmt eher,2,1,1,Stimmt ganz,1,1,1,1, 100 CHF,Ich wuerde auf die App verzichten,0,2,4
331,2024,16,3,jung,Weiblich,Mehr als 5h,6,36,6,eher Ja,2,1,3,Stimmt eher nicht,3,2,Stimmt eher,2,3,1,Stimmt eher nicht,3,2,1,1, 100 CHF,1-2 CHF,1,1,1
332,2024,16,3,jung,Weiblich,3h-4h,4,16,5,eher Ja,2,1,3,Stimmt eher nicht,3,2,Stimmt eher nicht,3,4,2,Stimmt gar nicht,4,2,1,1,ueber  100 CHF,Mehr als 20 CHF,1,1,1
333,2024,16,3,jung,Maennlich,2h-3h,3,9,2,eher Nein,3,2,2,Stimmt eher nicht,3,2,Stimmt ganz,1,1,1,Stimmt eher nicht,3,2,1,1,20 CHF,1-2 CHF,0,2,4
334,2024,16,3,jung,Maennlich,1h-2h,2,4,1,Nein,4,2,2,Stimmt,1,1,Stimmt gar nicht,4,2,2,Stimmt ganz,1,1,1,1,ueber  100 CHF,Ich wuerde auf die App verzichten,1,1,2
335,2024,16,3,jung,Maennlich,Mehr als 5h,6,36,3,Ja,1,1,1,Stimmt nicht,4,2,Stimmt eher nicht,3,2,2,Stimmt eher nicht,3,2,1,1,ueber  100 CHF,Mehr als 20 CHF,1,1,1
336,2024,17,3,jung,Weiblich,2h-3h,3,9,5,eher Ja,2,1,3,Stimmt eher ,2,1,Stimmt eher,2,3,1,Stimmt gar nicht,4,2,1,1,ueber  100 CHF,3-5 CHF,1,1,1
337,2024,16,3,jung,Weiblich,1h-2h,2,4,4,eher Ja,2,1,3,Stimmt,1,1,Stimmt eher,2,3,1,Stimmt gar nicht,4,2,2,2,20 CHF,6-10 CHF,0,2,4
338,2024,16,3,jung,Maennlich,3h-4h,4,16,2,Ja,1,1,1,Stimmt nicht,4,2,Stimmt eher,2,1,1,Stimmt eher nicht,3,2,1,1,ueber  100 CHF,Mehr als 20 CHF,1,1,1
339,2024,17,3,jung,Non-Binaer,3h-4h,4,16,7,Ja,1,1,5,Stimmt eher ,2,1,Stimmt eher nicht,3,5,2,Stimmt eher nicht,3,2,1,1,50 CHF,1-2 CHF,0,2,4
340,2024,17,3,jung,Maennlich,3h-4h,4,16,2,Ja,1,1,1,Stimmt,1,1,Stimmt eher nicht,3,2,2,Stimmt gar nicht,4,2,2,2,Wuerde ich auch gratis machen,Ich wuerde auf die App verzichten,1,1,3
341,2024,16,3,jung,Maennlich,2h-3h,3,9,2,eher Ja,2,1,1,Stimmt eher ,2,1,Stimmt gar nicht,4,2,2,Stimmt gar nicht,4,2,1,1,50 CHF,3-5 CHF,0,2,4
342,2024,15,2,jung,Weiblich,3h-4h,4,16,5,Ja,1,1,3,Stimmt,1,1,Stimmt eher,2,3,1,Stimmt gar nicht,4,2,1,1,ueber  100 CHF,Mehr als 20 CHF,0,2,4
343,2024,15,2,jung,Weiblich,4h-5h,5,25,6,Ja,1,1,3,Stimmt,1,1,Stimmt gar nicht,4,4,2,Stimmt gar nicht,4,2,2,2,ueber  100 CHF,1-2 CHF,0,2,4
344,2024,16,3,jung,Maennlich,Mehr als 5h,6,36,3,Ja,1,1,1,Stimmt eher ,2,1,Stimmt eher nicht,3,2,2,Stimmt gar nicht,4,2,2,2,ueber  100 CHF,Mehr als 20 CHF,0,2,4
345,2024,15,2,jung,Weiblich,3h-4h,4,16,5,Nein,4,2,4,Stimmt,1,1,Stimmt eher,2,3,1,Stimmt gar nicht,4,2,1,1, 100 CHF,1-2 CHF,0,2,4
346,2024,16,3,jung,Weiblich,2h-3h,3,9,5,Ja,1,1,3,Stimmt eher nicht,3,2,Stimmt eher,2,3,1,Stimmt eher,2,1,1,1,50 CHF,1-2 CHF,1,1,3
347,2024,16,3,jung,Maennlich,Mehr als 5h,6,36,3,Ja,1,1,1,Stimmt,1,1,Stimmt eher,2,1,1,Stimmt ganz,1,1,1,1,ueber  100 CHF,Ich wuerde auf die App verzichten,0,2,4
348,2024,16,3,jung,Weiblich,1h-2h,2,4,4,Ja,1,1,3,Stimmt eher nicht,3,2,Stimmt eher nicht,3,4,2,Stimmt gar nicht,4,2,2,2, 100 CHF,6-10 CHF,1,1,1
349,2024,16,3,jung,Weiblich,4h-5h,5,25,6,Ja,1,1,3,Stimmt eher ,2,1,Stimmt eher nicht,3,4,2,Stimmt gar nicht,4,2,1,1,Wuerde ich auch gratis machen,Ich wuerde auf die App verzichten,1,1,1
350,2024,17,3,jung,Weiblich,2h-3h,3,9,5,Ja,1,1,3,Stimmt eher ,2,1,Stimmt eher nicht,3,4,2,Stimmt eher nicht,3,2,2,2, 100 CHF,3-5 CHF,0,2,4
351,2024,16,3,jung,Maennlich,2h-3h,3,9,2,eher Ja,2,1,1,Stimmt,1,1,Stimmt ganz,1,1,1,Stimmt ganz,1,1,1,1,Wuerde ich auch gratis machen,1-2 CHF,1,1,1
352,2024,18,4,alt,Weiblich,3h-4h,4,16,5,Ja,1,3,3,Stimmt,1,3,Stimmt eher,2,3,3,Stimmt eher nicht,3,4,1,3,ueber  100 CHF,Ich wuerde auf die App verzichten,0,4,4
353,2024,17,3,jung,Maennlich,4h-5h,5,25,3,Ja,1,1,1,Stimmt eher ,2,1,Stimmt eher nicht,3,2,2,Stimmt eher,2,1,1,1,50 CHF,Ich wuerde auf die App verzichten,0,2,4
354,2024,17,3,jung,Maennlich,3h-4h,4,16,2,eher Nein,3,2,2,Stimmt eher nicht,3,2,Stimmt eher,2,1,1,Stimmt eher,2,1,1,1,ueber  100 CHF,Mehr als 20 CHF,1,1,1
355,2024,16,3,jung,Weiblich,3h-4h,4,16,5,eher Nein,3,2,4,Stimmt eher nicht,3,2,Stimmt eher,2,3,1,Stimmt gar nicht,4,2,2,2,ueber  100 CHF,3-5 CHF,0,2,4
356,2024,17,3,jung,Maennlich,2h-3h,3,9,2,eher Ja,2,1,1,Stimmt eher ,2,1,Stimmt eher,2,1,1,Stimmt eher,2,1,1,1,Wuerde ich auch gratis machen,1-2 CHF,0,2,4
357,2024,20,5,alt,Maennlich,3h-4h,4,16,2,eher Nein,3,4,2,Stimmt eher ,2,3,Stimmt eher,2,1,3,Stimmt eher nicht,3,4,1,3,ueber  100 CHF,1-2 CHF,1,3,1
358,2024,16,3,jung,Maennlich,2h-3h,3,9,2,eher Ja,2,1,1,Stimmt eher ,2,1,Stimmt eher nicht,3,2,2,Stimmt ganz,1,1,1,1, 100 CHF,1-2 CHF,1,1,3
359,2024,15,2,jung,Weiblich,3h-4h,4,16,5,Ja,1,1,3,Stimmt eher nicht,3,2,Stimmt eher,2,3,1,Stimmt gar nicht,4,2,2,2,ueber  100 CHF,6-10 CHF,1,1,1
360,2024,17,3,jung,Maennlich,Mehr als 5h,6,36,3,eher Ja,2,1,1,Stimmt eher ,2,1,Stimmt eher,2,1,1,Stimmt gar nicht,4,2,1,1,ueber  100 CHF,3-5 CHF,0,2,4
361,2024,16,3,jung,Maennlich,4h-5h,5,25,3,Nein,4,2,2,Stimmt,1,1,Stimmt ganz,1,1,1,Stimmt eher nicht,3,2,1,1,50 CHF,Ich wuerde auf die App verzichten,1,1,1
362,2024,16,3,jung,Maennlich,weniger als 1h,1,1,1,Nein,4,2,2,Stimmt,1,1,Stimmt eher,2,1,1,Stimmt eher nicht,3,2,1,1,20 CHF,1-2 CHF,0,2,4
363,2024,17,3,jung,Maennlich,1h-2h,2,4,1,Ja,1,1,1,Stimmt eher ,2,1,Stimmt eher,2,1,1,Stimmt eher,2,1,1,1,ueber  100 CHF,6-10 CHF,0,2,4
364,2024,15,2,jung,Weiblich,2h-3h,3,9,5,eher Ja,2,1,3,Stimmt eher ,2,1,Stimmt eher nicht,3,4,2,Stimmt gar nicht,4,2,1,1,50 CHF,6-10 CHF,1,1,2
365,2024,17,3,jung,Weiblich,3h-4h,4,16,5,eher Ja,2,1,3,Stimmt eher nicht,3,2,Stimmt eher nicht,3,4,2,Stimmt gar nicht,4,2,1,1,ueber  100 CHF,Ich wuerde auf die App verzichten,1,1,1
366,2024,17,3,jung,Maennlich,3h-4h,4,16,2,eher Nein,3,2,2,Stimmt,1,1,Stimmt eher nicht,3,2,2,Stimmt eher nicht,3,2,1,1,10 CHF,1-2 CHF,1,1,1
367,2024,16,3,jung,Weiblich,Mehr als 5h,6,36,6,Ja,1,1,3,Stimmt eher ,2,1,Stimmt eher nicht,3,4,2,Stimmt gar nicht,4,2,2,2, 100 CHF,3-5 CHF,1,1,1
368,2024,16,3,jung,Maennlich,Mehr als 5h,6,36,3,Ja,1,1,1,Stimmt eher nicht,3,2,Stimmt eher nicht,3,2,2,Stimmt gar nicht,4,2,1,1,20 CHF,Ich wuerde auf die App verzichten,0,2,4
369,2024,16,3,jung,Maennlich,4h-5h,5,25,3,eher Ja,2,1,1,Stimmt eher ,2,1,Stimmt eher nicht,3,2,2,Stimmt gar nicht,4,2,2,2,ueber  100 CHF,Ich wuerde auf die App verzichten,0,2,4
370,2024,16,3,jung,Weiblich,3h-4h,4,16,5,Ja,1,1,3,Stimmt,1,1,Stimmt eher nicht,3,4,2,Stimmt gar nicht,4,2,2,2,50 CHF,Ich wuerde auf die App verzichten,0,2,4
371,2024,16,3,jung,Weiblich,3h-4h,4,16,5,eher Ja,2,1,3,Stimmt eher ,2,1,Stimmt eher nicht,3,4,2,Stimmt gar nicht,4,2,2,2,ueber  100 CHF,Ich wuerde auf die App verzichten,0,2,4
372,2024,16,3,jung,Weiblich,Mehr als 5h,6,36,6,Ja,1,1,3,Stimmt,1,1,Stimmt eher nicht,3,4,2,Stimmt gar nicht,4,2,2,2,ueber  100 CHF,1-2 CHF,0,2,4
373,2024,21,5,alt,Maennlich,Mehr als 5h,6,36,3,Nein,4,4,2,Stimmt eher ,2,3,Stimmt eher nicht,3,2,4,Stimmt gar nicht,4,4,2,4,ueber  100 CHF,1-2 CHF,0,4,4
374,2024,16,3,jung,Maennlich,2h-3h,3,9,2,eher Ja,2,1,1,Stimmt,1,1,Stimmt eher,2,1,1,Stimmt eher,2,1,1,1,Wuerde ich auch gratis machen,Ich wuerde auf die App verzichten,0,2,4
375,2024,17,3,jung,Maennlich,Mehr als 5h,6,36,3,Ja,1,1,1,Stimmt,1,1,Stimmt eher nicht,3,2,2,Stimmt gar nicht,4,2,1,1,Wuerde ich auch gratis machen,Ich wuerde auf die App verzichten,0,2,4
376,2025,15,2,jung,Maennlich,4h-5h,5,25,3,eher Ja,2,1,1,Stimmt,1,1,Stimmt eher,2,1,1,Stimmt eher nicht,3,2,1,1,ueber  100 CHF,Mehr als 20 CHF,1,1,1
377,2025,15,2,jung,Weiblich,3h-4h,4,16,5,eher Ja,2,1,3,Stimmt,1,1,Stimmt ganz,1,3,1,Stimmt gar nicht,4,2,1,1,Wuerde ich auch gratis machen,Ich wuerde auf die App verzichten,1,1,2
378,2025,17,3,jung,Maennlich,4h-5h,5,25,3,eher Nein,3,2,2,Stimmt eher nicht,3,2,Stimmt eher,2,1,1,Stimmt gar nicht,4,2,2,2, 100 CHF,11-20 CHF,1,1,1
379,2025,16,3,jung,Weiblich,weniger als 1h,1,1,4,Ja,1,1,3,Stimmt eher ,2,1,Stimmt eher nicht,3,4,2,Stimmt gar nicht,4,2,1,1,10 CHF,1-2 CHF,1,1,2
380,2025,14,2,jung,Weiblich,1h-2h,2,4,4,Nein,4,2,4,Stimmt,1,1,Stimmt eher,2,3,1,Stimmt eher nicht,3,2,1,1,20 CHF,1-2 CHF,1,1,1
381,2025,18,4,alt,Maennlich,1h-2h,2,4,1,eher Ja,2,3,1,Stimmt,1,3,Stimmt eher nicht,3,2,4,Stimmt eher nicht,3,4,1,3,20 CHF,Ich wuerde auf die App verzichten,0,4,4
382,2025,14,2,jung,Maennlich,4h-5h,5,25,3,Nein,4,2,2,Stimmt eher ,2,1,Stimmt eher nicht,3,2,2,Stimmt gar nicht,4,2,1,1,50 CHF,11-20 CHF,0,2,4
383,2025,17,3,jung,Maennlich,2h-3h,3,9,2,Ja,1,1,1,Stimmt eher ,2,1,Stimmt eher,2,1,1,Stimmt eher nicht,3,2,1,1,50 CHF,Mehr als 20 CHF,1,1,1
384,2025,17,3,jung,Maennlich,3h-4h,4,16,2,Ja,1,1,1,Stimmt eher ,2,1,Stimmt gar nicht,4,2,2,Stimmt eher nicht,3,2,1,1,50 CHF,Ich wuerde auf die App verzichten,0,2,4
385,2025,16,3,jung,Maennlich,Mehr als 5h,6,36,3,Ja,1,1,1,Stimmt,1,1,Stimmt eher nicht,3,2,2,Stimmt eher nicht,3,2,2,2,Wuerde ich auch gratis machen,Mehr als 20 CHF,0,2,4
386,2025,16,3,jung,Weiblich,3h-4h,4,16,5,eher Ja,2,1,3,Stimmt eher nicht,3,2,Stimmt eher,2,3,1,Stimmt eher nicht,3,2,2,2,ueber  100 CHF,11-20 CHF,0,2,4
387,2025,16,3,jung,Weiblich,3h-4h,4,16,5,Nein,4,2,4,Stimmt eher ,2,1,Stimmt eher nicht,3,4,2,Stimmt ganz,1,1,1,1,ueber  100 CHF,Ich wuerde auf die App verzichten,0,2,4
388,2025,15,2,jung,Weiblich,Mehr als 5h,6,36,6,eher Ja,2,1,3,Stimmt eher nicht,3,2,Stimmt eher nicht,3,4,2,Stimmt gar nicht,4,2,2,2,ueber  100 CHF,Mehr als 20 CHF,0,2,4
389,2025,15,2,jung,Weiblich,2h-3h,3,9,5,eher Ja,2,1,3,Stimmt,1,1,Stimmt eher nicht,3,4,2,Stimmt gar nicht,4,2,2,2,50 CHF,1-2 CHF,0,2,4
390,2025,16,3,jung,Weiblich,weniger als 1h,1,1,4,Nein,4,2,4,Stimmt eher ,2,1,Stimmt eher,2,3,1,Stimmt eher nicht,3,2,1,1,ueber  100 CHF,1-2 CHF,0,2,4
391,2025,17,3,jung,Weiblich,3h-4h,4,16,5,Nein,4,2,4,Stimmt,1,1,Stimmt ganz,1,3,1,Stimmt eher,2,1,1,1,Wuerde ich auch gratis machen,1-2 CHF,1,1,1
392,2025,16,3,jung,Maennlich,2h-3h,3,9,2,eher Nein,3,2,2,Stimmt eher nicht,3,2,Stimmt eher,2,1,1,Stimmt eher nicht,3,2,1,1,50 CHF,11-20 CHF,0,2,4
393,2025,16,3,jung,Weiblich,4h-5h,5,25,6,eher Ja,2,1,3,Stimmt,1,1,Stimmt eher nicht,3,4,2,Stimmt gar nicht,4,2,1,1,ueber  100 CHF,11-20 CHF,0,2,4
394,2025,16,3,jung,Maennlich,4h-5h,5,25,3,Nein,4,2,2,Stimmt,1,1,Stimmt eher,2,1,1,Stimmt gar nicht,4,2,2,2, 100 CHF,1-2 CHF,1,1,2
395,2025,17,3,jung,Maennlich,4h-5h,5,25,3,Ja,1,1,1,Stimmt eher ,2,1,Stimmt eher nicht,3,2,2,Stimmt gar nicht,4,2,1,1,ueber  100 CHF,Mehr als 20 CHF,0,2,4
396,2025,17,3,jung,Weiblich,3h-4h,4,16,5,Ja,1,1,3,Stimmt eher nicht,3,2,Stimmt eher nicht,3,4,2,Stimmt gar nicht,4,2,1,1, 100 CHF,11-20 CHF,1,1,1
397,2025,17,3,jung,Maennlich,2h-3h,3,9,2,Nein,4,2,2,Stimmt,1,1,Stimmt eher nicht,3,2,2,Stimmt eher,2,1,2,2, 100 CHF,Ich wuerde auf die App verzichten,0,2,4
398,2025,17,3,jung,Weiblich,2h-3h,3,9,5,Ja,1,1,3,Stimmt eher nicht,3,2,Stimmt eher nicht,3,4,2,Stimmt eher,2,1,1,1,ueber  100 CHF,6-10 CHF,1,1,1
399,2025,17,3,jung,Maennlich,3h-4h,4,16,2,Nein,4,2,2,Stimmt eher ,2,1,Stimmt eher nicht,3,2,2,Stimmt ganz,1,1,1,1,ueber  100 CHF,11-20 CHF,1,1,3
400,2025,17,3,jung,Weiblich,1h-2h,2,4,4,Ja,1,1,3,Stimmt eher nicht,3,2,Stimmt gar nicht,4,4,2,Stimmt gar nicht,4,2,1,1, 100 CHF,Ich wuerde auf die App verzichten,1,1,1
401,2025,16,3,jung,Weiblich,2h-3h,3,9,5,Nein,4,2,4,Stimmt eher ,2,1,Stimmt eher,2,3,1,Stimmt gar nicht,4,2,2,2,Wuerde ich auch gratis machen,3-5 CHF,1,1,3
402,2025,17,3,jung,Weiblich,2h-3h,3,9,5,eher Ja,2,1,3,Stimmt eher ,2,1,Stimmt eher,2,3,1,Stimmt gar nicht,4,2,2,2, 100 CHF,Mehr als 20 CHF,1,1,1
403,2025,18,4,alt,Weiblich,Mehr als 5h,6,36,6,Ja,1,3,3,Stimmt eher nicht,3,4,Stimmt eher nicht,3,4,4,Stimmt gar nicht,4,4,1,3,50 CHF,Mehr als 20 CHF,0,4,4
404,2025,17,3,jung,Weiblich,4h-5h,5,25,6,eher Ja,2,1,3,Stimmt eher ,2,1,Stimmt eher,2,3,1,Stimmt gar nicht,4,2,2,2,ueber  100 CHF,Mehr als 20 CHF,0,2,4
405,2025,18,4,alt,Maennlich,4h-5h,5,25,3,Ja,1,3,1,Stimmt,1,3,Stimmt gar nicht,4,2,4,Stimmt gar nicht,4,4,1,3,Wuerde ich auch gratis machen,1-2 CHF,1,3,1
406,2025,18,4,alt,Weiblich,3h-4h,4,16,5,Nein,4,4,4,Stimmt eher ,2,3,Stimmt eher nicht,3,4,4,Stimmt gar nicht,4,4,1,3,ueber  100 CHF,1-2 CHF,1,3,1
407,2025,17,3,jung,Weiblich,3h-4h,4,16,5,eher Ja,2,1,3,Stimmt eher nicht,3,2,Stimmt eher nicht,3,4,2,Stimmt gar nicht,4,2,1,1,ueber  100 CHF,1-2 CHF,1,1,1
408,2025,16,3,jung,Maennlich,3h-4h,4,16,2,Ja,1,1,1,Stimmt eher ,2,1,Stimmt gar nicht,4,2,2,Stimmt gar nicht,4,2,1,1,Wuerde ich auch gratis machen,Ich wuerde auf die App verzichten,1,1,1
409,2025,18,4,alt,Weiblich,4h-5h,5,25,6,Ja,1,3,3,Stimmt eher nicht,3,4,Stimmt eher nicht,3,4,4,Stimmt gar nicht,4,4,2,4,ueber  100 CHF,1-2 CHF,1,3,1
410,2025,16,3,jung,Maennlich,Mehr als 5h,6,36,3,eher Ja,2,1,1,Stimmt eher ,2,1,Stimmt eher nicht,3,2,2,Stimmt gar nicht,4,2,2,2,ueber  100 CHF,Ich wuerde auf die App verzichten,1,1,1
411,2025,18,4,alt,Maennlich,3h-4h,4,16,2,Ja,1,3,1,Stimmt,1,3,Stimmt eher,2,1,3,Stimmt gar nicht,4,4,2,4,Wuerde ich auch gratis machen,Ich wuerde auf die App verzichten,1,3,1
412,2025,18,4,alt,Weiblich,1h-2h,2,4,4,eher Ja,2,3,3,Stimmt eher ,2,3,Stimmt eher,2,3,3,Stimmt eher nicht,3,4,2,4,ueber  100 CHF,3-5 CHF,1,3,3
413,2025,16,3,jung,Maennlich,3h-4h,4,16,2,eher Ja,2,1,1,Stimmt eher nicht,3,2,Stimmt eher,2,1,1,Stimmt gar nicht,4,2,2,2, 100 CHF,Mehr als 20 CHF,1,1,1
414,2025,15,2,jung,Weiblich,4h-5h,5,25,6,eher Nein,3,2,4,Stimmt,1,1,Stimmt eher,2,3,1,Stimmt gar nicht,4,2,2,2,ueber  100 CHF,Ich wuerde auf die App verzichten,1,1,1
415,2025,17,3,jung,Maennlich,1h-2h,2,4,1,Ja,1,1,1,Stimmt,1,1,Stimmt eher nicht,3,2,2,Stimmt gar nicht,4,2,1,1,50 CHF,Mehr als 20 CHF,0,2,4
416,2025,17,3,jung,Weiblich,2h-3h,3,9,5,eher Ja,2,1,3,Stimmt,1,1,Stimmt eher,2,3,1,Stimmt gar nicht,4,2,2,2,ueber  100 CHF,Ich wuerde auf die App verzichten,1,1,1
417,2025,16,3,jung,Weiblich,2h-3h,3,9,5,Nein,4,2,4,Stimmt eher ,2,1,Stimmt ganz,1,3,1,Stimmt eher nicht,3,2,1,1,ueber  100 CHF,Mehr als 20 CHF,0,2,4
418,2025,34,6,alt,Maennlich,4h-5h,5,25,3,Ja,1,3,1,Stimmt,1,3,Stimmt eher,2,1,3,Stimmt eher nicht,3,4,1,3,20 CHF,6-10 CHF,1,3,1
419,2025,17,3,jung,Maennlich,2h-3h,3,9,2,Ja,1,1,1,Stimmt eher ,2,1,Stimmt eher,2,1,1,Stimmt gar nicht,4,2,1,1, 100 CHF,Ich wuerde auf die App verzichten,0,2,4
420,2025,17,3,jung,Weiblich,3h-4h,4,16,5,eher Ja,2,1,3,Stimmt,1,1,Stimmt eher,2,3,1,Stimmt gar nicht,4,2,1,1,50 CHF,Ich wuerde auf die App verzichten,0,2,4
421,2025,15,2,jung,Weiblich,1h-2h,2,4,4,Nein,4,2,4,Stimmt,1,1,Stimmt eher,2,3,1,Stimmt eher nicht,3,2,2,2,20 CHF,3-5 CHF,0,2,4
422,2025,16,3,jung,Weiblich,1h-2h,2,4,4,eher Ja,2,1,3,Stimmt,1,1,Stimmt eher,2,3,1,Stimmt gar nicht,4,2,2,2,Wuerde ich auch gratis machen,Ich wuerde auf die App verzichten,0,2,4
423,2025,17,3,jung,Weiblich,1h-2h,2,4,4,Nein,4,2,4,Stimmt eher ,2,1,Stimmt eher,2,3,1,Stimmt ganz,1,1,2,2, 100 CHF,Mehr als 20 CHF,0,2,4
424,2025,18,4,alt,Maennlich,1h-2h,2,4,1,eher Ja,2,3,1,Stimmt,1,3,Stimmt gar nicht,4,2,4,Stimmt gar nicht,4,4,1,3,50 CHF,3-5 CHF,1,3,1
425,2025,17,3,jung,Maennlich,2h-3h,3,9,2,eher Ja,2,1,1,Stimmt eher nicht,3,2,Stimmt eher,2,1,1,Stimmt eher,2,1,1,1,50 CHF,3-5 CHF,0,2,4
426,2025,17,3,jung,Weiblich,weniger als 1h,1,1,4,eher Nein,3,2,4,Stimmt,1,1,Stimmt eher nicht,3,4,2,Stimmt eher nicht,3,2,2,2,20 CHF,6-10 CHF,1,1,2
427,2025,17,3,jung,Maennlich,4h-5h,5,25,3,eher Ja,2,1,1,Stimmt,1,1,Stimmt gar nicht,4,2,2,Stimmt gar nicht,4,2,1,1, 100 CHF,Ich wuerde auf die App verzichten,0,2,4
428,2025,18,4,alt,Weiblich,Mehr als 5h,6,36,6,eher Ja,2,3,3,Stimmt eher ,2,3,Stimmt eher,2,3,3,Stimmt gar nicht,4,4,1,3,ueber  100 CHF,Mehr als 20 CHF,1,3,2
429,2025,16,3,jung,Maennlich,4h-5h,5,25,3,Ja,1,1,1,Stimmt,1,1,Stimmt eher nicht,3,2,2,Stimmt gar nicht,4,2,2,2,50 CHF,Mehr als 20 CHF,0,2,4
430,2025,19,4,alt,Maennlich,1h-2h,2,4,1,Ja,1,3,1,Stimmt,1,3,Stimmt eher,2,1,3,Stimmt gar nicht,4,4,1,3,ueber  100 CHF,Ich wuerde auf die App verzichten,1,3,3
431,2025,16,3,jung,Weiblich,3h-4h,4,16,5,Ja,1,1,3,Stimmt eher nicht,3,2,Stimmt eher nicht,3,4,2,Stimmt eher nicht,3,2,1,1,ueber  100 CHF,6-10 CHF,1,1,1
432,2025,17,3,jung,Maennlich,2h-3h,3,9,2,Ja,1,1,1,Stimmt,1,1,Stimmt ganz,1,1,1,Stimmt ganz,1,1,1,1,ueber  100 CHF,Mehr als 20 CHF,1,1,1
433,2025,18,4,alt,Weiblich,Mehr als 5h,6,36,6,Ja,1,3,3,Stimmt eher nicht,3,4,Stimmt eher nicht,3,4,4,Stimmt gar nicht,4,4,2,4,ueber  100 CHF,6-10 CHF,0,4,4
434,2025,16,3,jung,Weiblich,2h-3h,3,9,5,Nein,4,2,4,Stimmt eher ,2,1,Stimmt eher,2,3,1,Stimmt eher nicht,3,2,1,1,20 CHF,Ich wuerde auf die App verzichten,1,1,2
435,2025,16,3,jung,Weiblich,3h-4h,4,16,5,Ja,1,1,3,Stimmt,1,1,Stimmt eher nicht,3,4,2,Stimmt gar nicht,4,2,1,1,50 CHF,Mehr als 20 CHF,1,1,1
436,2025,17,3,jung,Weiblich,1h-2h,2,4,4,Nein,4,2,4,Stimmt,1,1,Stimmt eher,2,3,1,Stimmt eher,2,1,1,1,50 CHF,Ich wuerde auf die App verzichten,1,1,1
437,2025,16,3,jung,Maennlich,4h-5h,5,25,3,Nein,4,2,2,Stimmt,1,1,Stimmt eher,2,1,1,Stimmt eher,2,1,2,2,ueber  100 CHF,Ich wuerde auf die App verzichten,1,1,3
438,2025,16,3,jung,Maennlich,4h-5h,5,25,3,eher Nein,3,2,2,Stimmt,1,1,Stimmt gar nicht,4,2,2,Stimmt gar nicht,4,2,1,1,20 CHF,Ich wuerde auf die App verzichten,1,1,3
439,2025,16,3,jung,Maennlich,3h-4h,4,16,2,eher Ja,2,1,1,Stimmt eher ,2,1,Stimmt eher,2,1,1,Stimmt gar nicht,4,2,1,1, 100 CHF,Ich wuerde auf die App verzichten,1,1,2
440,2025,18,4,alt,Weiblich,3h-4h,4,16,5,eher Ja,2,3,3,Stimmt eher ,2,3,Stimmt eher,2,3,3,Stimmt gar nicht,4,4,2,4,50 CHF,Ich wuerde auf die App verzichten,1,3,3
441,2025,16,3,jung,Weiblich,1h-2h,2,4,4,Nein,4,2,4,Stimmt,1,1,Stimmt eher,2,3,1,Stimmt gar nicht,4,2,2,2, 100 CHF,11-20 CHF,1,1,1
442,2025,16,3,jung,Weiblich,3h-4h,4,16,5,eher Ja,2,1,3,Stimmt eher nicht,3,2,Stimmt eher nicht,3,4,2,Stimmt gar nicht,4,2,2,2, 100 CHF,6-10 CHF,1,1,1
443,2025,17,3,jung,Weiblich,1h-2h,2,4,4,eher Ja,2,1,3,Stimmt,1,1,Stimmt eher,2,3,1,Stimmt ganz,1,1,1,1,ueber  100 CHF,Ich wuerde auf die App verzichten,1,1,1
444,2025,16,3,jung,Maennlich,2h-3h,3,9,2,eher Nein,3,2,2,Stimmt eher ,2,1,Stimmt eher nicht,3,2,2,Stimmt eher,2,1,1,1,50 CHF,1-2 CHF,1,1,1
445,2025,16,3,jung,Maennlich,3h-4h,4,16,2,eher Ja,2,1,1,Stimmt eher ,2,1,Stimmt eher,2,1,1,Stimmt eher,2,1,1,1,Wuerde ich auch gratis machen,Ich wuerde auf die App verzichten,1,1,3
446,2025,15,2,jung,Weiblich,2h-3h,3,9,5,Ja,1,1,3,Stimmt,1,1,Stimmt eher nicht,3,4,2,Stimmt gar nicht,4,2,1,1,ueber  100 CHF,Ich wuerde auf die App verzichten,1,1,1
447,2025,16,3,jung,Weiblich,3h-4h,4,16,5,eher Ja,2,1,3,Stimmt,1,1,Stimmt eher nicht,3,4,2,Stimmt gar nicht,4,2,2,2,Wuerde ich auch gratis machen,6-10 CHF,1,1,1
448,2025,15,2,jung,Maennlich,3h-4h,4,16,2,eher Nein,3,2,2,Stimmt,1,1,Stimmt eher nicht,3,2,2,Stimmt gar nicht,4,2,2,2,ueber  100 CHF,Ich wuerde auf die App verzichten,0,2,4
449,2025,16,3,jung,Weiblich,1h-2h,2,4,4,eher Ja,2,1,3,Stimmt,1,1,Stimmt eher,2,3,1,Stimmt eher nicht,3,2,2,2,Wuerde ich auch gratis machen,Ich wuerde auf die App verzichten,1,1,1
450,2025,15,2,jung,Maennlich,2h-3h,3,9,2,eher Ja,2,1,1,Stimmt eher ,2,1,Stimmt eher,2,1,1,Stimmt gar nicht,4,2,1,1,ueber  100 CHF,11-20 CHF,1,1,2
451,2025,18,4,alt,Weiblich,3h-4h,4,16,5,eher Ja,2,3,3,Stimmt eher ,2,3,Stimmt eher nicht,3,4,4,Stimmt gar nicht,4,4,2,4, 100 CHF,Ich wuerde auf die App verzichten,1,3,1
452,2025,17,3,jung,Weiblich,3h-4h,4,16,5,Ja,1,1,3,Stimmt eher ,2,1,Stimmt eher nicht,3,4,2,Stimmt gar nicht,4,2,1,1,ueber  100 CHF,Mehr als 20 CHF,0,2,4
453,2025,15,2,jung,Weiblich,1h-2h,2,4,4,Nein,4,2,4,Stimmt,1,1,Stimmt eher,2,3,1,Stimmt eher nicht,3,2,1,1,Wuerde ich auch gratis machen,Ich wuerde auf die App verzichten,1,1,1
454,2025,14,2,jung,Weiblich,2h-3h,3,9,5,eher Nein,3,2,4,Stimmt,1,1,Stimmt eher nicht,3,4,2,Stimmt eher nicht,3,2,1,1, 100 CHF,3-5 CHF,1,1,2
455,2025,15,2,jung,Weiblich,3h-4h,4,16,5,eher Ja,2,1,3,Stimmt eher ,2,1,Stimmt ganz,1,3,1,Stimmt gar nicht,4,2,1,1,Wuerde ich auch gratis machen,3-5 CHF,1,1,2
456,2025,18,4,alt,Maennlich,1h-2h,2,4,1,eher Ja,2,3,1,Stimmt eher ,2,3,Stimmt eher nicht,3,2,4,Stimmt gar nicht,4,4,1,3,ueber  100 CHF,6-10 CHF,0,4,4
457,2025,17,3,jung,Weiblich,2h-3h,3,9,5,eher Nein,3,2,4,Stimmt,1,1,Stimmt eher,2,3,1,Stimmt gar nicht,4,2,1,1,50 CHF,Ich wuerde auf die App verzichten,1,1,1
458,2025,15,2,jung,Maennlich,3h-4h,4,16,2,Nein,4,2,2,Stimmt,1,1,Stimmt ganz,1,1,1,Stimmt ganz,1,1,1,1,Wuerde ich auch gratis machen,Ich wuerde auf die App verzichten,0,2,4
459,2025,15,2,jung,Maennlich,3h-4h,4,16,2,Ja,1,1,1,Stimmt eher ,2,1,Stimmt gar nicht,4,2,2,Stimmt gar nicht,4,2,2,2,50 CHF,Ich wuerde auf die App verzichten,0,2,4
460,2025,14,2,jung,Weiblich,Mehr als 5h,6,36,6,Ja,1,1,3,Stimmt,1,1,Stimmt eher nicht,3,4,2,Stimmt gar nicht,4,2,1,1,ueber  100 CHF,Mehr als 20 CHF,1,1,1
461,2025,14,2,jung,Weiblich,Mehr als 5h,6,36,6,eher Ja,2,1,3,Stimmt eher ,2,1,Stimmt eher nicht,3,4,2,Stimmt gar nicht,4,2,2,2,ueber  100 CHF,3-5 CHF,1,1,3
462,2025,16,3,jung,Maennlich,3h-4h,4,16,2,eher Ja,2,1,1,Stimmt eher ,2,1,Stimmt eher nicht,3,2,2,Stimmt eher nicht,3,2,1,1,ueber  100 CHF,Ich wuerde auf die App verzichten,0,2,4
463,2025,17,3,jung,Maennlich,4h-5h,5,25,3,Nein,4,2,2,Stimmt,1,1,Stimmt eher nicht,3,2,2,Stimmt gar nicht,4,2,1,1,ueber  100 CHF,11-20 CHF,0,2,4
464,2025,15,2,jung,Maennlich,4h-5h,5,25,3,Nein,4,2,2,Stimmt eher nicht,3,2,Stimmt eher nicht,3,2,2,Stimmt eher nicht,3,2,1,1,ueber  100 CHF,Mehr als 20 CHF,1,1,1
465,2025,15,2,jung,Moechte nicht antworten,1h-2h,2,4,7,Ja,1,1,5,Stimmt eher ,2,1,Stimmt eher nicht,3,5,2,Stimmt eher,2,1,2,2,ueber  100 CHF,11-20 CHF,0,2,4
466,2025,15,2,jung,Maennlich,weniger als 1h,1,1,1,eher Nein,3,2,2,Stimmt,1,1,Stimmt ganz,1,1,1,Stimmt ganz,1,1,1,1, 100 CHF,1-2 CHF,1,1,3
467,2025,14,2,jung,Maennlich,2h-3h,3,9,2,Nein,4,2,2,Stimmt eher ,2,1,Stimmt gar nicht,4,2,2,Stimmt gar nicht,4,2,1,1,20 CHF,11-20 CHF,0,2,4
468,2025,15,2,jung,Maennlich,1h-2h,2,4,1,Ja,1,1,1,Stimmt eher ,2,1,Stimmt eher nicht,3,2,2,Stimmt eher,2,1,2,2,ueber  100 CHF,Mehr als 20 CHF,1,1,1
469,2025,15,2,jung,Maennlich,Mehr als 5h,6,36,3,Ja,1,1,1,Stimmt,1,1,Stimmt gar nicht,4,2,2,Stimmt eher,2,1,1,1, 100 CHF,Mehr als 20 CHF,1,1,1
470,2025,15,2,jung,Weiblich,3h-4h,4,16,5,Ja,1,1,3,Stimmt nicht,4,2,Stimmt eher nicht,3,4,2,Stimmt gar nicht,4,2,1,1,ueber  100 CHF,Mehr als 20 CHF,0,2,4
471,2025,16,3,jung,Weiblich,weniger als 1h,1,1,4,eher Ja,2,1,3,Stimmt,1,1,Stimmt eher,2,3,1,Stimmt gar nicht,4,2,2,2,Wuerde ich auch gratis machen,Ich wuerde auf die App verzichten,0,2,4
472,2025,14,2,jung,Moechte nicht antworten,2h-3h,3,9,7,Nein,4,2,5,Stimmt,1,1,Stimmt eher,2,5,1,Stimmt eher,2,1,1,1,Wuerde ich auch gratis machen,1-2 CHF,0,2,4
473,2025,15,2,jung,Maennlich,2h-3h,3,9,2,eher Nein,3,2,2,Stimmt eher nicht,3,2,Stimmt eher nicht,3,2,2,Stimmt gar nicht,4,2,2,2,ueber  100 CHF,3-5 CHF,0,2,4
474,2025,15,2,jung,Maennlich,2h-3h,3,9,2,Nein,4,2,2,Stimmt,1,1,Stimmt eher nicht,3,2,2,Stimmt gar nicht,4,2,1,1,10 CHF,6-10 CHF,1,1,1
475,2025,14,2,jung,Weiblich,weniger als 1h,1,1,4,Nein,4,2,4,Stimmt,1,1,Stimmt eher,2,3,1,Stimmt gar nicht,4,2,2,2,5 CHF,Ich wuerde auf die App verzichten,0,2,4
476,2026,17,3,jung,Maennlich,3h-4h,4,16,2,eher Ja,2,1,1,Stimmt eher nicht,3,2,Stimmt eher nicht,3,2,2,Stimmt gar nicht,4,2,1,1,ueber  100 CHF,Ich wuerde auf die App verzichten,1,1,1
477,2026,16,3,jung,Weiblich,2h-3h,3,9,5,eher Nein,3,2,4,Stimmt eher nicht,3,2,Stimmt eher nicht,3,4,2,Stimmt gar nicht,4,2,2,2, 100 CHF,Ich wuerde auf die App verzichten,0,2,4
478,2026,15,2,jung,Weiblich,2h-3h,3,9,5,eher Ja,2,1,3,Stimmt eher nicht,3,2,Stimmt eher,2,3,1,Stimmt gar nicht,4,2,1,1, 100 CHF,3-5 CHF,1,1,1
479,2026,15,2,jung,Weiblich,Mehr als 5h,6,36,6,Ja,1,1,3,Stimmt eher nicht,3,2,Stimmt eher nicht,3,4,2,Stimmt gar nicht,4,2,1,1,ueber  100 CHF,6-10 CHF,0,2,4
480,2026,14,2,jung,Weiblich,1h-2h,2,4,4,eher Ja,2,1,3,Stimmt,1,1,Stimmt ganz,1,3,1,Stimmt eher,2,1,2,2,10 CHF,3-5 CHF,1,1,1
481,2026,16,3,jung,Weiblich,1h-2h,2,4,4,eher Nein,3,2,4,Stimmt eher nicht,3,2,Stimmt eher nicht,3,4,2,Stimmt eher,2,1,1,1, 100 CHF,11-20 CHF,1,1,3
482,2026,15,2,jung,Weiblich,2h-3h,3,9,5,eher Ja,2,1,3,Stimmt,1,1,Stimmt eher,2,3,1,Stimmt eher nicht,3,2,1,1,ueber  100 CHF,1-2 CHF,1,1,1
483,2026,16,3,jung,Maennlich,4h-5h,5,25,3,Nein,4,2,2,Stimmt eher ,2,1,Stimmt eher nicht,3,2,2,Stimmt gar nicht,4,2,2,2,Wuerde ich auch gratis machen,3-5 CHF,1,1,1
484,2026,14,2,jung,Weiblich,Mehr als 5h,6,36,6,Ja,1,1,3,Stimmt eher ,2,1,Stimmt gar nicht,4,4,2,Stimmt gar nicht,4,2,1,1,5 CHF,Ich wuerde auf die App verzichten,1,1,1
485,2026,15,2,jung,Maennlich,4h-5h,5,25,3,Ja,1,1,1,Stimmt eher nicht,3,2,Stimmt eher nicht,3,2,2,Stimmt eher nicht,3,2,1,1,ueber  100 CHF,6-10 CHF,0,2,4
486,2026,16,3,jung,Weiblich,2h-3h,3,9,5,eher Nein,3,2,4,Stimmt eher ,2,1,Stimmt eher nicht,3,4,2,Stimmt gar nicht,4,2,2,2,ueber  100 CHF,11-20 CHF,0,2,4
487,2026,16,3,jung,Maennlich,4h-5h,5,25,3,Nein,4,2,2,Stimmt,1,1,Stimmt eher,2,1,1,Stimmt eher,2,1,1,1,Wuerde ich auch gratis machen,Mehr als 20 CHF,1,1,1
488,2026,16,3,jung,Maennlich,3h-4h,4,16,2,eher Ja,2,1,1,Stimmt eher ,2,1,Stimmt gar nicht,4,2,2,Stimmt eher nicht,3,2,1,1,ueber  100 CHF,6-10 CHF,1,1,1
489,2026,16,3,jung,Maennlich,1h-2h,2,4,1,eher Ja,2,1,1,Stimmt,1,1,Stimmt eher,2,1,1,Stimmt gar nicht,4,2,1,1, 100 CHF,Ich wuerde auf die App verzichten,1,1,3
490,2026,18,4,alt,Maennlich,3h-4h,4,16,2,Nein,4,4,2,Stimmt eher nicht,3,4,Stimmt eher nicht,3,2,4,Stimmt eher,2,3,1,3,ueber  100 CHF,Mehr als 20 CHF,0,4,4
491,2026,16,3,jung,Maennlich,weniger als 1h,1,1,1,eher Nein,3,2,2,Stimmt,1,1,Stimmt eher,2,1,1,Stimmt eher,2,1,1,1, 100 CHF,Mehr als 20 CHF,1,1,1
492,2026,16,3,jung,Weiblich,2h-3h,3,9,5,eher Nein,3,2,4,Stimmt eher ,2,1,Stimmt eher,2,3,1,Stimmt eher nicht,3,2,2,2,50 CHF,3-5 CHF,1,1,3
493,2026,16,3,jung,Weiblich,3h-4h,4,16,5,eher Ja,2,1,3,Stimmt eher nicht,3,2,Stimmt eher nicht,3,4,2,Stimmt gar nicht,4,2,1,1,ueber  100 CHF,Mehr als 20 CHF,1,1,2
494,2026,18,4,alt,Weiblich,2h-3h,3,9,5,Ja,1,3,3,Stimmt eher ,2,3,Stimmt eher,2,3,3,Stimmt gar nicht,4,4,2,4,ueber  100 CHF,6-10 CHF,1,3,1
495,2026,17,3,jung,Non-Binaer,2h-3h,3,9,7,eher Ja,2,1,5,Stimmt eher ,2,1,Stimmt eher nicht,3,5,2,Stimmt gar nicht,4,2,2,2,50 CHF,3-5 CHF,1,1,3
496,2026,15,2,jung,Weiblich,weniger als 1h,1,1,4,Nein,4,2,4,Stimmt,1,1,Stimmt eher nicht,3,4,2,Stimmt eher nicht,3,2,2,2,Wuerde ich auch gratis machen,Ich wuerde auf die App verzichten,1,1,1
497,2026,17,3,jung,Weiblich,2h-3h,3,9,5,Nein,4,2,4,Stimmt eher ,2,1,Stimmt eher,2,3,1,Stimmt gar nicht,4,2,1,1,ueber  100 CHF,1-2 CHF,1,1,1
498,2026,16,3,jung,Maennlich,2h-3h,3,9,2,eher Nein,3,2,2,Stimmt,1,1,Stimmt eher nicht,3,2,2,Stimmt eher nicht,3,2,1,1, 100 CHF,6-10 CHF,1,1,1
499,2026,15,2,jung,Weiblich,3h-4h,4,16,5,eher Ja,2,1,3,Stimmt eher ,2,1,Stimmt eher nicht,3,4,2,Stimmt gar nicht,4,2,2,2, 100 CHF,1-2 CHF,1,1,1
500,2026,16,3,jung,Maennlich,2h-3h,3,9,2,eher Ja,2,1,1,Stimmt,1,1,Stimmt eher,2,1,1,Stimmt eher nicht,3,2,1,1, 100 CHF,Ich wuerde auf die App verzichten,1,1,1
501,2026,16,3,jung,Maennlich,1h-2h,2,4,1,eher Nein,3,2,2,Stimmt eher ,2,1,Stimmt eher nicht,3,2,2,Stimmt eher nicht,3,2,2,2,50 CHF,6-10 CHF,0,2,4
502,2026,16,3,jung,Maennlich,2h-3h,3,9,2,eher Ja,2,1,1,Stimmt eher ,2,1,Stimmt gar nicht,4,2,2,Stimmt gar nicht,4,2,1,1, 100 CHF,6-10 CHF,0,2,4
503,2026,18,4,alt,Weiblich,2h-3h,3,9,5,eher Nein,3,4,4,Stimmt,1,3,Stimmt ganz,1,3,3,Stimmt ganz,1,3,1,3,10 CHF,Ich wuerde auf die App verzichten,1,3,3
504,2026,17,3,jung,Weiblich,2h-3h,3,9,5,eher Ja,2,1,3,Stimmt eher nicht,3,2,Stimmt eher nicht,3,4,2,Stimmt gar nicht,4,2,1,1,20 CHF,11-20 CHF,0,2,4
505,2026,16,3,jung,Weiblich,2h-3h,3,9,5,eher Ja,2,1,3,Stimmt nicht,4,2,Stimmt gar nicht,4,4,2,Stimmt gar nicht,4,2,1,1,ueber  100 CHF,Mehr als 20 CHF,1,1,1
506,2026,17,3,jung,Weiblich,1h-2h,2,4,4,eher Nein,3,2,4,Stimmt,1,1,Stimmt eher nicht,3,4,2,Stimmt eher nicht,3,2,1,1,ueber  100 CHF,Mehr als 20 CHF,1,1,1
507,2026,15,2,jung,Weiblich,1h-2h,2,4,4,Nein,4,2,4,Stimmt,1,1,Stimmt eher nicht,3,4,2,Stimmt gar nicht,4,2,1,1, 100 CHF,6-10 CHF,1,1,1
508,2026,16,3,jung,Weiblich,1h-2h,2,4,4,eher Ja,2,1,3,Stimmt eher ,2,1,Stimmt eher nicht,3,4,2,Stimmt gar nicht,4,2,1,1,Wuerde ich auch gratis machen,Mehr als 20 CHF,1,1,1
509,2026,15,2,jung,Maennlich,3h-4h,4,16,2,Nein,4,2,2,Stimmt eher nicht,3,2,Stimmt eher nicht,3,2,2,Stimmt eher,2,1,1,1,20 CHF,1-2 CHF,0,2,4
510,2026,16,3,jung,Maennlich,Mehr als 5h,6,36,3,Ja,1,1,1,Stimmt,1,1,Stimmt eher nicht,3,2,2,Stimmt gar nicht,4,2,1,1, 100 CHF,6-10 CHF,1,1,1
511,2026,15,2,jung,Maennlich,4h-5h,5,25,3,Nein,4,2,2,Stimmt eher ,2,1,Stimmt eher nicht,3,2,2,Stimmt eher,2,1,1,1,20 CHF,6-10 CHF,1,1,1
512,2026,14,2,jung,Maennlich,3h-4h,4,16,2,Nein,4,2,2,Stimmt,1,1,Stimmt gar nicht,4,2,2,Stimmt gar nicht,4,2,1,1,20 CHF,Mehr als 20 CHF,1,1,1
513,2026,15,2,jung,Weiblich,2h-3h,3,9,5,Ja,1,1,3,Stimmt eher ,2,1,Stimmt eher,2,3,1,Stimmt gar nicht,4,2,1,1, 100 CHF,Mehr als 20 CHF,1,1,1
514,2026,15,2,jung,Maennlich,3h-4h,4,16,2,eher Nein,3,2,2,Stimmt eher nicht,3,2,Stimmt gar nicht,4,2,2,Stimmt gar nicht,4,2,2,2,50 CHF,Mehr als 20 CHF,0,2,4
515,2026,15,2,jung,Maennlich,3h-4h,4,16,2,Ja,1,1,1,Stimmt eher ,2,1,Stimmt eher nicht,3,2,2,Stimmt gar nicht,4,2,1,1,20 CHF,Ich wuerde auf die App verzichten,0,2,4
516,2026,14,2,jung,Weiblich,Mehr als 5h,6,36,6,eher Ja,2,1,3,Stimmt eher nicht,3,2,Stimmt eher,2,3,1,Stimmt gar nicht,4,2,2,2,ueber  100 CHF,11-20 CHF,0,2,4
517,2026,14,2,jung,Weiblich,3h-4h,4,16,5,Nein,4,2,4,Stimmt eher nicht,3,2,Stimmt eher nicht,3,4,2,Stimmt gar nicht,4,2,1,1,ueber  100 CHF,11-20 CHF,0,2,4
518,2026,15,2,jung,Maennlich,2h-3h,3,9,2,Nein,4,2,2,Stimmt nicht,4,2,Stimmt eher,2,1,1,Stimmt eher nicht,3,2,1,1, 100 CHF,Mehr als 20 CHF,0,2,4
519,2026,15,2,jung,Maennlich,3h-4h,4,16,2,eher Ja,2,1,1,Stimmt eher ,2,1,Stimmt eher nicht,3,2,2,Stimmt eher nicht,3,2,2,2,50 CHF,6-10 CHF,1,1,1
520,2026,14,2,jung,Maennlich,2h-3h,3,9,2,eher Ja,2,1,1,Stimmt,1,1,Stimmt eher nicht,3,2,2,Stimmt ganz,1,1,1,1,10 CHF,3-5 CHF,1,1,3
521,2026,14,2,jung,Maennlich,2h-3h,3,9,2,eher Ja,2,1,1,Stimmt,1,1,Stimmt eher,2,1,1,Stimmt ganz,1,1,1,1,10 CHF,3-5 CHF,1,1,2
522,2026,16,3,jung,Maennlich,2h-3h,3,9,2,Nein,4,2,2,Stimmt eher ,2,1,Stimmt eher nicht,3,2,2,Stimmt gar nicht,4,2,2,2,ueber  100 CHF,1-2 CHF,0,2,4
523,2026,16,3,jung,Weiblich,3h-4h,4,16,5,eher Nein,3,2,4,Stimmt eher ,2,1,Stimmt eher nicht,3,4,2,Stimmt gar nicht,4,2,2,2,50 CHF,1-2 CHF,0,2,4
524,2026,15,2,jung,Weiblich,Mehr als 5h,6,36,6,Ja,1,1,3,Stimmt nicht,4,2,Stimmt ganz,1,3,1,Stimmt gar nicht,4,2,1,1,ueber  100 CHF,1-2 CHF,0,2,4
525,2026,16,3,jung,Weiblich,2h-3h,3,9,5,eher Nein,3,2,4,Stimmt,1,1,Stimmt eher nicht,3,4,2,Stimmt eher nicht,3,2,1,1,50 CHF,3-5 CHF,1,1,1
526,2026,16,3,jung,Maennlich,4h-5h,5,25,3,eher Ja,2,1,1,Stimmt,1,1,Stimmt eher nicht,3,2,2,Stimmt eher,2,1,1,1,Wuerde ich auch gratis machen,Ich wuerde auf die App verzichten,0,2,4
527,2026,15,2,jung,Weiblich,Mehr als 5h,6,36,6,eher Ja,2,1,3,Stimmt eher ,2,1,Stimmt eher nicht,3,4,2,Stimmt eher,2,1,1,1,ueber  100 CHF,3-5 CHF,0,2,4
528,2026,18,4,alt,Maennlich,4h-5h,5,25,3,eher Ja,2,3,1,Stimmt eher ,2,3,Stimmt eher,2,1,3,Stimmt eher nicht,3,4,1,3,ueber  100 CHF,3-5 CHF,1,3,2
529,2026,16,3,jung,Weiblich,3h-4h,4,16,5,Ja,1,1,3,Stimmt nicht,4,2,Stimmt eher,2,3,1,Stimmt eher nicht,3,2,2,2, 100 CHF,3-5 CHF,0,2,4
530,2026,15,2,jung,Weiblich,Mehr als 5h,6,36,6,eher Ja,2,1,3,Stimmt eher nicht,3,2,Stimmt gar nicht,4,4,2,Stimmt gar nicht,4,2,1,1,20 CHF,Ich wuerde auf die App verzichten,0,2,4
531,2026,15,2,jung,Weiblich,Mehr als 5h,6,36,6,eher Ja,2,1,3,Stimmt eher ,2,1,Stimmt eher,2,3,1,Stimmt ganz,1,1,1,1,ueber  100 CHF,11-20 CHF,1,1,2
532,2026,14,2,jung,Maennlich,1h-2h,2,4,1,Nein,4,2,2,Stimmt eher ,2,1,Stimmt eher nicht,3,2,2,Stimmt gar nicht,4,2,1,1,50 CHF,11-20 CHF,0,2,4
533,2026,16,3,jung,Weiblich,4h-5h,5,25,6,Nein,4,2,4,Stimmt,1,1,Stimmt eher,2,3,1,Stimmt eher nicht,3,2,1,1,10 CHF,1-2 CHF,0,2,4
534,2026,17,3,jung,Maennlich,3h-4h,4,16,2,eher Ja,2,1,1,Stimmt,1,1,Stimmt eher nicht,3,2,2,Stimmt eher nicht,3,2,2,2,50 CHF,3-5 CHF,1,1,1
535,2026,16,3,jung,Maennlich,3h-4h,4,16,2,Ja,1,1,1,Stimmt eher ,2,1,Stimmt eher,2,1,1,Stimmt gar nicht,4,2,2,2,50 CHF,Ich wuerde auf die App verzichten,0,2,4
536,2026,16,3,jung,Weiblich,4h-5h,5,25,6,eher Ja,2,1,3,Stimmt eher nicht,3,2,Stimmt eher,2,3,1,Stimmt gar nicht,4,2,2,2,Wuerde ich auch gratis machen,Ich wuerde auf die App verzichten,0,2,4
537,2026,16,3,jung,Weiblich,3h-4h,4,16,5,Nein,4,2,4,Stimmt,1,1,Stimmt eher nicht,3,4,2,Stimmt gar nicht,4,2,2,2,Wuerde ich auch gratis machen,Ich wuerde auf die App verzichten,0,2,4
538,2026,15,2,jung,Weiblich,3h-4h,4,16,5,Nein,4,2,4,Stimmt eher ,2,1,Stimmt eher,2,3,1,Stimmt eher nicht,3,2,1,1,50 CHF,Ich wuerde auf die App verzichten,1,1,1
539,2026,14,2,jung,Weiblich,2h-3h,3,9,5,Ja,1,1,3,Stimmt,1,1,Stimmt eher,2,3,1,Stimmt eher nicht,3,2,1,1,50 CHF,6-10 CHF,1,1,2
540,2026,17,3,jung,Maennlich,3h-4h,4,16,2,eher Ja,2,1,1,Stimmt eher ,2,1,Stimmt eher,2,1,1,Stimmt gar nicht,4,2,1,1,Wuerde ich auch gratis machen,Mehr als 20 CHF,0,2,4
541,2026,16,3,jung,Weiblich,2h-3h,3,9,5,eher Ja,2,1,3,Stimmt eher ,2,1,Stimmt gar nicht,4,4,2,Stimmt eher nicht,3,2,2,2,50 CHF,3-5 CHF,0,2,4
542,2026,18,4,alt,Weiblich,3h-4h,4,16,5,Ja,1,3,3,Stimmt eher nicht,3,4,Stimmt eher nicht,3,4,4,Stimmt gar nicht,4,4,2,4,50 CHF,6-10 CHF,1,3,1
543,2026,17,3,jung,Maennlich,2h-3h,3,9,2,eher Ja,2,1,1,Stimmt eher ,2,1,Stimmt eher,2,1,1,Stimmt eher nicht,3,2,1,1,50 CHF,6-10 CHF,0,2,4